web-scraper-order,web-scraper-start-url,root,root-href,title,date,content,ArticleImage-src
"1759750201-1","https://www.linkedin.com/company/masinde-wanyonyi-company-advocates/posts/?feedView=all&viewAsMember=true","Tenant-Landlord Laws in Kenya: Rights, Obligations & Dispute Resolution 🏠⚖️
                
  


                
  
      
                  MASINDE WANYONYI & COMPANY ADVOCATES","https://www.linkedin.com/pulse/tenant-landlord-laws-kenya-rights-obligations-5f4mf?trackingId=2HBTTlONNxlVAEvoqEU3Mw%3D%3D","Tenant-Landlord Laws in Kenya: Rights, Obligations & Dispute Resolution 🏠⚖️","April 1, 2025","Introduction 🌍
    

  






            
        
    
      The relationship between landlords and tenants in Kenya is one of the most fundamental yet complex legal engagements. Whether one is a property owner seeking to safeguard their investment or a tenant seeking security of tenure, understanding the legal framework governing this relationship is crucial. In this article, we explore the rights and obligations of landlords and tenants, as well as the legal avenues for resolving disputes.
    

  






            
        
    
      The Legal Framework Governing Landlord-Tenant Relationships in Kenya 📜
    

  






            
        
    
      Tenant-landlord laws in Kenya are primarily governed by the following statutes:
    

  






            
        
    
            The Landlord and Tenant (Shops, Hotels and Catering Establishments) Act, Cap 301 – Governs controlled tenancies for commercial premises.The Rent Restriction Act, Cap 296 – Applies to residential premises where rent does not exceed KES 2,500 per month.The Land Act, 2012 & The Landlord and Tenant Bill, 2021 – Provides guidance on lease agreements and tenancy relationships.The Civil Procedure Act, Cap 21 – Governs dispute resolution mechanisms.

    

  






            
        
    
      These laws set the foundation for the rights and responsibilities of both parties, ensuring a fair and balanced relationship. ⚖️
    

  






            
        
    
      Rights and Obligations of Landlords 🏢
    

  






            
        
    
      Rights of a Landlord ✨
    

  






            
        
    
      A landlord in Kenya has the following rights:
    

  






            
        
    
            Right to Receive Rent 💵 – A landlord is entitled to timely rent payments as stipulated in the lease agreement.Right to Repossess the Premises 🔑 – Upon the expiry or termination of a lease, the landlord can reclaim possession.Right to Terminate the Lease 🚪 – If a tenant breaches the agreement (e.g., non-payment of rent), the landlord may lawfully terminate the lease.Right to Increase Rent 📈 – Subject to legal restrictions, a landlord may revise rent upwards with proper notice.Right to Sue for Breach ⚔️ – If a tenant fails to adhere to the lease agreement, the landlord can seek legal redress.

    

  






            
        
    
      Obligations of a Landlord 🛠️
    

  






            
        
    
            Provision of a Habitable Space 🏡 – The landlord must ensure the premises are safe and fit for occupation.Respect for Tenant’s Quiet Enjoyment 🕊️ – A landlord cannot unlawfully evict or harass a tenant.Repair and Maintenance 🔧 – Landlords are obligated to conduct necessary repairs unless otherwise agreed.Compliance with Lease Terms 📑 – The landlord must adhere to all provisions set out in the lease agreement.

    

  






            
        
    
      Rights and Obligations of Tenants 🏠
    

  






            
        
    
      Rights of a Tenant ✨
    

  






            
        
    
            Right to Quiet Enjoyment 🕊️ – A tenant is entitled to peacefully occupy the premises without interference.Right to Security of Tenure 🔒 – Tenants cannot be unlawfully evicted.Right to Reasonable Notice on Rent Increases 📅 – Rent increments must be lawful and accompanied by notice.Right to a Refund of the Deposit 💰 – Upon vacating, the tenant is entitled to a refund of their deposit, less any deductions for damages or unpaid rent.

    

  






            
        
    
      Obligations of a Tenant 📝
    

  






            
        
    
            Timely Payment of Rent 💵 – Rent should be paid as agreed in the lease.Proper Use of the Property 🔑 – The premises should only be used for the agreed purpose.Maintenance of the Premises 🛠️ – Tenants should not cause damage beyond reasonable wear and tear.Adherence to Lease Terms 📜 – All contractual obligations must be honored.

    

  






            
        
    
      Dispute Resolution Mechanisms ⚖️
    

  






            
        
    
      1. Negotiation & Mediation 🗣️
    

  






            
        
    
      Before escalating a dispute, parties are encouraged to resolve issues amicably. Mediation, which involves a neutral third party, can often lead to a mutually beneficial settlement.
    

  






            
        
    
      2. The Business Premises Rent Tribunal (BPRT) 🏛️
    

  






            
        
    
      For controlled tenancies, disputes are handled by the Business Premises Rent Tribunal under Cap 301. The tribunal has the power to determine rent disputes, tenancy terminations, and other issues affecting commercial tenancies.
    

  






            
        
    
      3. Court Litigation ⚖️
    

  






            
        
    
      If mediation fails, parties may seek recourse in the courts. Landlords and tenants can file suits in the Magistrates' Courts, Environment and Land Court, or the High Court, depending on the nature of the dispute.
    

  






            
        
    
      4. Alternative Dispute Resolution (ADR) ⚖️
    

  






            
        
    
      Arbitration and conciliation are recognized under the law and can be efficient ways to resolve disputes outside of court.
    

  






            
        
    
      Common Issues and Legal Solutions ⚠️
    

  






            
        
    
            Non-Payment of Rent – A landlord may issue a demand notice and file for eviction proceedings if rent remains unpaid.Illegal Evictions – A tenant can seek an injunction or damages if unlawfully evicted.Rent Hikes – If a landlord increases rent unfairly, tenants can challenge it before the relevant tribunal.Security Deposit Disputes – If a landlord unlawfully withholds a security deposit, a tenant can take legal action.

    

  






            
        
    
      Conclusion: Why You Need Expert Legal Representation 🏛️
    

  






            
        
    
      Tenant-landlord disputes can be highly contentious and legally intricate. Whether you are a landlord seeking to protect your property rights or a tenant safeguarding your interests, legal guidance is paramount. At MWC Advocates, we specialize in navigating complex real estate and tenancy matters, ensuring that your rights are upheld and your interests protected. ✨
    

  






            
        
    
      Let us be your trusted legal partner. Whether you need lease drafting, dispute resolution, or legal representation, we are here to provide expert legal solutions tailored to your needs. Contact us today for a consultation.
    

  






            
        
    
      📞 Contact Us Today!📞Call/WhatsApp: +254 702073800/+254708792078 📧Email: masindewanyonyiadvocates.co@gmail.com👥Follow us on LinkedIn for legal insights!","https://media.licdn.com/dms/image/v2/D4D12AQEPdM-xBEUr0g/article-cover_image-shrink_720_1280/B4DZXugTGXHkAI-/0/1743463200172?e=1762387200&v=beta&t=l6VA1jckkdVGdfA9-1dCBiVavC-2uoSV40BAJuy8svs"
"1759750215-2","https://www.linkedin.com/company/masinde-wanyonyi-company-advocates/posts/?feedView=all&viewAsMember=true","Legal Insight: The Critical Role of Data Security in Law Firms
                
  


                
  
      
                  MASINDE WANYONYI & COMPANY ADVOCATES","https://www.linkedin.com/pulse/legal-insight-critical-role-data-security-urabf?trackingId=zs9UPbjOD2Jr01R4BejHVA%3D%3D","Legal Insight: The Critical Role of Data Security in Law Firms","January 5, 2025","🔒 Safeguarding Client Trust Through Data Protection 
    

  






            
        
    
      As custodians of highly sensitive information, law firms hold a fiduciary duty to protect client data. With advancing technology and rising cyber threats, robust data security is no longer optional—it's a legal and ethical imperative.
    

  






            
        
    
      📜 Key Legal Foundations: 
    

  






            
        
    
      1️⃣ Right to Privacy (Article 31, Constitution of Kenya, 2010): 
    

  






            
        
    
      Safeguarding client communication is a constitutional mandate. Breaches may lead to litigation and loss of trust. 
    

  






            
        
    
      2️⃣ Data Protection Act, 2019: Law firms must:
    

  






            
        
    
            Collect only necessary data (Section 25).Ensure security safeguards (Section 41).Maintain data integrity and confidentiality (Section 43). 

    

  






            
        
    
      3️⃣ Kenya Information and Communications Act (KICA): Emphasizes cybersecurity practices to prevent breaches. 
    

  






            
        
    
      4️⃣ The Advocates (Practice) Rules: Extend confidentiality obligations to digital records.
    

  






            
        
    
      💡 Why Prioritize Data Security? 
    

  






            
        
    
      ✅ Protect Client Confidentiality: A cornerstone of trust in legal practice. 
    

  






            
        
    
      ✅ Avoid Legal Penalties: Non-compliance with data protection laws can lead to fines and lawsuits. 
    

  






            
        
    
      ✅ Align with Global Standards: Stay competitive by meeting international privacy benchmarks like GDPR. 
    

  






            
        
    
      ✅ Ensure Business Continuity: Data breaches disrupt operations and damage reputation.
    

  






            
        
    
      🛠 Recommendations for Law Firms:
    

  






            
        
    
            Develop comprehensive data protection policies.Implement advanced cybersecurity measures (encryption, multi-factor authentication).Regularly train staff on data security protocols.Conduct routine audits to identify vulnerabilities.Establish a clear incident response plan for data breaches.Restrict data access to essential personnel only.

    

  






            
        
    
      📣 Call to Action: As the legal landscape evolves, Kenyan law firms must adapt to emerging data protection standards. By prioritizing data security, firms safeguard client trust, uphold ethical obligations, and maintain a competitive edge in a digitally connected world.
    

  






            
        
    
      #DataSecurity #PrivacyMatters #LegalTech #KenyanLaw #CyberSecurity #DataProtection",""
"1759750229-3","https://www.linkedin.com/company/masinde-wanyonyi-company-advocates/posts/?feedView=all&viewAsMember=true","🌟 Understanding Termination of Employment in Kenya: Legal Insights 🌟
                
  


                
  
      
                  MASINDE WANYONYI & COMPANY ADVOCATES","https://www.linkedin.com/pulse/understanding-termination-employment-4e8tf?trackingId=TInMbp08cOnaveQbr8yIqg%3D%3D","🌟 Understanding Termination of Employment in Kenya: Legal Insights 🌟","January 5, 2025","📜 Key Highlights from the Employment Act, 2007
    

  






            
        
    
      The termination of employment in Kenya is a process governed by the Employment Act, 2007, and other related regulations, emphasizing fairness, compliance, and employee rights. Employers and employees must navigate this sensitive area with clarity and adherence to legal frameworks.
    

  






            
        
    
      🔍 Grounds for Termination: Termination may occur due to:
    

  






            
        
    
            MisconductPoor performancePhysical incapacityRedundancy (operational requirements)

    

  






            
        
    
      Fairness is key—both substantively and procedurally—to avoid disputes.
    

  






            
        
    
      🛡️ Procedural Fairness Essentials: 
    

  






            
        
    
      1️⃣ Notify the employee of the intent to terminate and the reasons. 
    

  






            
        
    
      2️⃣ Provide an opportunity for the employee to respond. 
    

  






            
        
    
      3️⃣ Conduct investigations where necessary. 
    

  






            
        
    
      4️⃣ Make a reasoned, unbiased decision.
    

  






            
        
    
      Failing to follow these steps could lead to claims of unfair dismissal.
    

  






            
        
    
      💼 Employee Benefits Upon Termination: Employees are entitled to certain benefits, including: 
    

  






            
        
    
      ✔️ Payment of wages and dues 
    

  






            
        
    
      ✔️ Notice pay (if applicable) 
    

  






            
        
    
      ✔️ Severance pay in redundancy cases 
    

  






            
        
    
      ✔️ Compensation for unused leave 
    

  






            
        
    
      ✔️ Pension and statutory benefits (e.g., NSSF and NHIF) 
    

  






            
        
    
      ✔️ Certificate of service
    

  






            
        
    
      Additionally, employees unfairly dismissed may receive up to 12 months’ gross salary as compensation, depending on the circumstances.
    

  






            
        
    
      ⚖️ Conclusion: Termination is a process requiring fairness, transparency, and legal compliance. Employers must respect employee rights to mitigate risks, while employees should understand their entitlements. For more details or assistance with employment law matters, feel free to connect or reach out.
    

  






            
        
    
      💬 Let’s discuss: What are your thoughts on ensuring fairness in employment termination?
    

  






            
        
    
      #EmploymentLaw #Kenya #HumanResources #Termination #EmployeeRights",""
"1759750243-4","https://www.linkedin.com/company/masinde-wanyonyi-company-advocates/posts/?feedView=all&viewAsMember=true","✨ Trusts & Estate Planning: Securing Your Family’s Future the Legal Way ✨
                
  


                
  
      
                  Masinde Dennis","https://www.linkedin.com/pulse/trusts-estate-planning-securing-your-familys-future-legal-dennis-kxogf?trackingId=VHS5eD1BflkdA39cBPb4vA%3D%3D","✨ Trusts & Estate Planning: Securing Your Family’s Future the Legal Way ✨","March 11, 2025","A Tale of Two Families
    

  






            
        
    
      Once upon a time in Nairobi, two families faced an unexpected tragedy. Both patriarchs had built successful businesses and accumulated wealth, yet only one family thrived after their passing.
    

  






            
        
    
      The first had an estate plan in place, complete with trusts, wills, and succession structures. Their assets transitioned seamlessly, and their loved ones continued their legacy without legal battles. The second, however, had no plan. Their wealth got tangled in probate, taxes depleted much of it, and family disputes tore relationships apart.
    

  






            
        
    
      This real-life contrast highlights the importance of estate planning—not just for the wealthy but for everyone who wants to protect their legacy and provide certainty for their family.
    

  






            
        
    
      🏛 Understanding Estate Planning: More Than Just a Will
    

  






            
        
    
      Estate planning is the legal process of structuring how your wealth, property, and other assets will be managed or distributed upon your passing. It helps avoid disputes, reduces tax burdens, and ensures that your wishes are legally enforced.
    

  






            
        
    
      🔹 What does estate planning cover?
    

  






            
        
    
            Will drafting 📜 to dictate asset distribution.Trusts 🏦 for structured wealth management.Power of attorney ✍️ for decision-making in case of incapacitation.Healthcare directives 🏥 to dictate medical decisions if you become unable to communicate.Business succession planning 👔 to ensure continuity.

    

  






            
        
    
      Without an estate plan, your wealth may be subjected to costly court battles, excessive taxation, and unintended beneficiaries.
    

  






            
        
    
      💼 The Power of Trusts in Estate Planning
    

  






            
        
    
      A trust is a legal arrangement where a trustee manages assets on behalf of beneficiaries. Unlike a will, trusts bypass probate, ensuring quick and private asset transfers.
    

  






            
        
    
      📌 Types of Trusts & Their Benefits
    

  






            
        
    
      1️.Revocable Living Trusts 🏡: These allow you to maintain control over your assets during your lifetime and ensure a smooth transition upon passing.
    

  






            
        
    
      ✅ Avoids probate
    

  






            
        
    
      ✅ Offers flexibility (you can amend or revoke it)
    

  






            
        
    
      ✅ Protects against incapacity
    

  






            
        
    
      2️. Irrevocable Trusts 🚫✍️: Once established, these cannot be altered.
    

  






            
        
    
      ✅ Offers strong asset protection from lawsuits or creditors
    

  






            
        
    
      ✅ Reduces estate taxes
    

  






            
        
    
      ✅ Shields wealth for future generations
    

  






            
        
    
      3️. Testamentary Trusts 🏛: Created through a will, these activate upon the grantor’s death. ✅ Ideal for minor children or dependents
    

  






            
        
    
      ✅ Ensures structured inheritance
    

  






            
        
    
      ✅ Provides legal safeguards for beneficiaries
    

  






            
        
    
      4️. Charitable Trusts ❤️: Designed for philanthropy, they allow assets to be donated over time.
    

  






            
        
    
      ✅ Tax benefits 🏦
    

  






            
        
    
      ✅ Supports long-term charitable causes
    

  






            
        
    
      ✅ Strengthens your legacy
    

  






            
        
    
      5️. Special Needs Trusts 👨🦽: Protects individuals with disabilities while ensuring they retain access to government aid.
    

  






            
        
    
      ✅ Shields assets for special-needs beneficiaries
    

  






            
        
    
      ✅ Preserves eligibility for public benefits
    

  






            
        
    
      ✅ Ensures lifetime financial security
    

  






            
        
    
      ⚖️ The Legal Backing & Necessity of Estate Planning
    

  






            
        
    
      In Kenya, estate planning is governed by several laws, including:
    

  






            
        
    
      📜 The Law of Succession Act (Cap 160) – Governs inheritance matters and dictates how estates are distributed when there is no will.
    

  






            
        
    
      📜 Trusts Act (Cap 167) – Provides for the creation and administration of trusts.
    

  






            
        
    
      📜 Income Tax Act (Cap 470) – Covers taxation on estate assets and exemptions.
    

  






            
        
    
      📜 Companies Act, 2015 – Addresses business succession in corporate entities.
    

  






            
        
    
      Without proper estate planning, your assets may be subjected to intestate succession laws, where the government dictates how they are distributed—often leading to prolonged legal disputes.
    

  






            
        
    
      📌 Why Professional Legal Guidance is Crucial
    

  






            
        
    
      Estate planning is not a DIY project. Many legal complexities, tax implications, and potential challenges require expert handling. At MWC Advocates, we provide:
    

  






            
        
    
      ✅ Personalized estate plans tailored to your needs.
    

  






            
        
    
      ✅ Strategic tax planning to minimize liabilities.
    

  






            
        
    
      ✅ Ironclad legal structures that safeguard your wealth.
    

  






            
        
    
      ✅ Periodic updates to reflect life changes (marriage, divorce, new assets).
    

  






            
        
    
      ✅ Business succession plans for entrepreneurs and executives.
    

  






            
        
    
      🔹 Secure Your Legacy Today!
    

  






            
        
    
      Estate planning is not about preparing for death—it’s about securing your family's financial stability, peace of mind, and legacy. Whether you need a simple will or a complex trust structure, the time to act is NOW.
    

  






            
        
    
      💬Let’s talk! Contact us today to craft a solid estate plan that works for you and your family.","https://media.licdn.com/dms/image/v2/D4D12AQE6XrwWNdfO6Q/article-cover_image-shrink_720_1280/B4DZWEayotHIAI-/0/1741683371289?e=1762387200&v=beta&t=gQYFmPfwM664PPc5zWLlI2aTnI1jDCG33ErInlzI8oo"
"1759750257-5","https://www.linkedin.com/company/masinde-wanyonyi-company-advocates/posts/?feedView=all&viewAsMember=true","Legal Insight: The Critical Role of Data Security in Law Firms
                
  


                
  
      
                  MASINDE WANYONYI & COMPANY ADVOCATES","https://www.linkedin.com/pulse/legal-insight-critical-role-data-security-urabf?trackingId=YQMI12u60GqWX7lRNBTNKQ%3D%3D","Legal Insight: The Critical Role of Data Security in Law Firms","January 5, 2025","🔒 Safeguarding Client Trust Through Data Protection 
    

  






            
        
    
      As custodians of highly sensitive information, law firms hold a fiduciary duty to protect client data. With advancing technology and rising cyber threats, robust data security is no longer optional—it's a legal and ethical imperative.
    

  






            
        
    
      📜 Key Legal Foundations: 
    

  






            
        
    
      1️⃣ Right to Privacy (Article 31, Constitution of Kenya, 2010): 
    

  






            
        
    
      Safeguarding client communication is a constitutional mandate. Breaches may lead to litigation and loss of trust. 
    

  






            
        
    
      2️⃣ Data Protection Act, 2019: Law firms must:
    

  






            
        
    
            Collect only necessary data (Section 25).Ensure security safeguards (Section 41).Maintain data integrity and confidentiality (Section 43). 

    

  






            
        
    
      3️⃣ Kenya Information and Communications Act (KICA): Emphasizes cybersecurity practices to prevent breaches. 
    

  






            
        
    
      4️⃣ The Advocates (Practice) Rules: Extend confidentiality obligations to digital records.
    

  






            
        
    
      💡 Why Prioritize Data Security? 
    

  






            
        
    
      ✅ Protect Client Confidentiality: A cornerstone of trust in legal practice. 
    

  






            
        
    
      ✅ Avoid Legal Penalties: Non-compliance with data protection laws can lead to fines and lawsuits. 
    

  






            
        
    
      ✅ Align with Global Standards: Stay competitive by meeting international privacy benchmarks like GDPR. 
    

  






            
        
    
      ✅ Ensure Business Continuity: Data breaches disrupt operations and damage reputation.
    

  






            
        
    
      🛠 Recommendations for Law Firms:
    

  






            
        
    
            Develop comprehensive data protection policies.Implement advanced cybersecurity measures (encryption, multi-factor authentication).Regularly train staff on data security protocols.Conduct routine audits to identify vulnerabilities.Establish a clear incident response plan for data breaches.Restrict data access to essential personnel only.

    

  






            
        
    
      📣 Call to Action: As the legal landscape evolves, Kenyan law firms must adapt to emerging data protection standards. By prioritizing data security, firms safeguard client trust, uphold ethical obligations, and maintain a competitive edge in a digitally connected world.
    

  






            
        
    
      #DataSecurity #PrivacyMatters #LegalTech #KenyanLaw #CyberSecurity #DataProtection",""
"1759750271-6","https://www.linkedin.com/company/masinde-wanyonyi-company-advocates/posts/?feedView=all&viewAsMember=true","🌟 Understanding Termination of Employment in Kenya: Legal Insights 🌟
                
  


                
  
      
                  MASINDE WANYONYI & COMPANY ADVOCATES","https://www.linkedin.com/pulse/understanding-termination-employment-4e8tf?trackingId=LzeQFsNNXq%2BIsorSxhKSlg%3D%3D","🌟 Understanding Termination of Employment in Kenya: Legal Insights 🌟","January 5, 2025","📜 Key Highlights from the Employment Act, 2007
    

  






            
        
    
      The termination of employment in Kenya is a process governed by the Employment Act, 2007, and other related regulations, emphasizing fairness, compliance, and employee rights. Employers and employees must navigate this sensitive area with clarity and adherence to legal frameworks.
    

  






            
        
    
      🔍 Grounds for Termination: Termination may occur due to:
    

  






            
        
    
            MisconductPoor performancePhysical incapacityRedundancy (operational requirements)

    

  






            
        
    
      Fairness is key—both substantively and procedurally—to avoid disputes.
    

  






            
        
    
      🛡️ Procedural Fairness Essentials: 
    

  






            
        
    
      1️⃣ Notify the employee of the intent to terminate and the reasons. 
    

  






            
        
    
      2️⃣ Provide an opportunity for the employee to respond. 
    

  






            
        
    
      3️⃣ Conduct investigations where necessary. 
    

  






            
        
    
      4️⃣ Make a reasoned, unbiased decision.
    

  






            
        
    
      Failing to follow these steps could lead to claims of unfair dismissal.
    

  






            
        
    
      💼 Employee Benefits Upon Termination: Employees are entitled to certain benefits, including: 
    

  






            
        
    
      ✔️ Payment of wages and dues 
    

  






            
        
    
      ✔️ Notice pay (if applicable) 
    

  






            
        
    
      ✔️ Severance pay in redundancy cases 
    

  






            
        
    
      ✔️ Compensation for unused leave 
    

  






            
        
    
      ✔️ Pension and statutory benefits (e.g., NSSF and NHIF) 
    

  






            
        
    
      ✔️ Certificate of service
    

  






            
        
    
      Additionally, employees unfairly dismissed may receive up to 12 months’ gross salary as compensation, depending on the circumstances.
    

  






            
        
    
      ⚖️ Conclusion: Termination is a process requiring fairness, transparency, and legal compliance. Employers must respect employee rights to mitigate risks, while employees should understand their entitlements. For more details or assistance with employment law matters, feel free to connect or reach out.
    

  






            
        
    
      💬 Let’s discuss: What are your thoughts on ensuring fairness in employment termination?
    

  






            
        
    
      #EmploymentLaw #Kenya #HumanResources #Termination #EmployeeRights",""
"1759750285-7","https://www.linkedin.com/company/masinde-wanyonyi-company-advocates/posts/?feedView=all&viewAsMember=true","Navigating Beneficial Ownership Regulations: Insights for Foreign Investors
                
  


                
  
      
                  MASINDE WANYONYI & COMPANY ADVOCATES","https://www.linkedin.com/pulse/navigating-beneficial-ownership-regulations-4lgff?trackingId=%2BcwEGHg%2BoR9uh8j2z1ySEw%3D%3D","Navigating Beneficial Ownership Regulations: Insights for Foreign Investors","January 21, 2025","In today’s global market, transparency and accountability are no longer optional—they are business imperatives. For foreign investors entering new jurisdictions, understanding beneficial ownership regulations is not just about compliance; it’s a strategic advantage.
    

  






            
        
    
      As an Advocate of the High Court of Kenya specializing in Corporate, Commercial, and Risk Compliance matters, I often assist clients in navigating the complexities of these frameworks. Beneficial ownership regulations aim to promote transparency, combat financial crimes, and ensure fair taxation—core principles shaping modern investment landscapes.
    

  






            
        
    
      Here’s what foreign investors need to know:
    

  






            
        
    
      🔍 Understanding Beneficial Ownership A beneficial owner is someone who ultimately controls or owns an entity, even if they are not listed on official documents. In Kenya, for example, the Companies (Beneficial Ownership Information) Regulations, 2020, mandate disclosure of individuals holding 10% or more of shares or significant control.
    

  






            
        
    
      🌍 Global Trends in Transparency These regulations are part of a broader international movement toward transparency, aligned with recommendations by the Financial Action Task Force (FATF). As countries strengthen information-sharing agreements, compliance becomes increasingly vital.
    

  






            
        
    
      ⚖️ Why It Matters Non-compliance can lead to hefty fines, operational disruptions, and reputational damage. Furthermore, these regulations often intersect with anti-money laundering (AML) and counter-terrorism financing (CTF) laws, making them a priority for regulators.
    

  






            
        
    
      📌 How to Stay Compliant
    

  






            
        
    
            Conduct Due Diligence: Familiarize yourself with local laws, such as Kenya’s requirement to submit beneficial ownership details through a digital portal.Keep Records Updated: Ensure information is accurate and regularly reviewed.Engage Experts: Work with legal counsel to navigate local and international requirements.Respect Data Privacy: Comply with data protection laws when handling sensitive information.

    

  






            
        
    
      💡 Beyond Compliance: Building Trust Transparency is more than a legal requirement; it’s an opportunity to build credibility, strengthen stakeholder relationships, and unlock better access to capital.
    

  






            
        
    
      At Masinde Wanyonyi & Company Advocates, we are committed to helping investors align with these regulations while pursuing their business goals. Let’s connect to explore how we can support your compliance journey in Kenya or beyond.
    

  






            
        
    
      #BeneficialOwnership #CorporateLaw #ForeignInvestment #ComplianceMatters #LegalInsights",""
"1759750300-8","https://www.linkedin.com/company/masinde-wanyonyi-company-advocates/posts/?feedView=all&viewAsMember=true","Unlocking Property Value: Converting Properties into Sectional Units under the Sectional Properties Act, 2020
                
  


                
  
      
                  MASINDE WANYONYI & COMPANY ADVOCATES","https://www.linkedin.com/pulse/unlocking-property-value-converting-eopjf?trackingId=OYJHwvWEtEzVMQAZ5kS1dQ%3D%3D","Unlocking Property Value: Converting Properties into Sectional Units under the Sectional Properties Act, 2020","January 26, 2025","The Sectional Properties Act, 2020, has revolutionized property ownership in Kenya. This legal framework allows property owners to divide buildings into independently owned units while collectively managing the land and shared areas. At Masinde Wanyonyi & Company Advocates, we specialize in guiding property owners, developers, and investors through this transformative process. Here’s why and how you should consider sectional property conversion—and why we’re the team to help you achieve it.
    

  






            
        
    
      Why Convert Properties into Sectional Units?
    

  






            
        
    
      ✅ Enhanced Marketability: Individual titles make units easier to sell or mortgage, unlocking significant investment opportunities.
    

  






            
        
    
      ✅ Streamlined Ownership: Owners enjoy full proprietary rights over their units, simplifying ownership and transfer processes.
    

  






            
        
    
      ✅ Efficient Management: The formation of a management corporation ensures proper maintenance and shared responsibility for common areas.
    

  






            
        
    
      ✅ Maximized Land Use: Developers can optimize land utilization, creating multi-unit developments that cater to diverse market needs.
    

  






            
        
    
      The Conversion Process
    

  






            
        
    
      1️⃣ Compliance Check: The property must meet zoning and land-use regulations. Existing mortgages or charges require lender consent.
    

  






            
        
    
      2️⃣ Preparation of Sectional Plans: A licensed surveyor prepares the sectional plan, detailing the layout of units, common areas, and ownership shares. This is a critical step that ensures clarity and alignment with legal requirements.
    

  






            
        
    
      3️⃣ Registration of the Sectional Plan: The sectional plan is submitted for approval by the Director of Surveys and registered with the Land Registrar. Upon registration:
    

  






            
        
    
            Existing titles are canceled.Individual title deeds for units and a title for common property are issued.

    

  






            
        
    
      4️⃣ Formation of a Management Corporation: Unit owners automatically form a management corporation, tasked with maintaining common areas, enforcing by-laws, and managing service charges.
    

  






            
        
    
      Why Choose Us?
    

  






            
        
    
      At Masinde Wanyonyi & Company Advocates, we bring:
    

  






            
        
    
      ✔️ Expert Legal Guidance: Our team ensures compliance with all legal requirements, avoiding pitfalls and delays. ✔️ End-to-End Support: From preparing documents to liaising with surveyors and registrars, we handle it all. ✔️ Tailored Solutions: We understand that each property is unique. Our bespoke solutions align with your goals and the law. ✔️ Client-Centric Approach: Your satisfaction and success are our priorities. We work closely with you every step of the way.
    

  






            
        
    
      Let’s Work Together
    

  






            
        
    
      Converting properties into sectional units is not just a legal process—it’s a strategic decision that can unlock immense value. Don’t let the complexities deter you. Let us simplify the process, ensuring efficiency, compliance, and success.
    

  






            
        
    
      📞 Contact Us Today: Visit us at Duplex Suites, Suite 58, Lower Hill Road, Upperhill, Nairobi, or call us for a consultation. Together, we’ll make your property work smarter for you.
    

  






            
        
    
      ""Unlock the potential of your property with the experts in sectional property conversion.""","https://media.licdn.com/dms/image/v2/D4D12AQFDsLQ2G4Yk3A/article-cover_image-shrink_720_1280/article-cover_image-shrink_720_1280/0/1737907468252?e=1762387200&v=beta&t=68DWjrPSV90iqrW8eo8LOIhc_Fg8VxUfyI9aK5uGI_g"
"1759750314-9","https://www.linkedin.com/company/masinde-wanyonyi-company-advocates/posts/?feedView=all&viewAsMember=true","🚀 Tax Compliance in Kenya: A Must-Know Guide for Foreign Corporations.🚀
                
  


                
  
      
                  MASINDE WANYONYI & COMPANY ADVOCATES","https://www.linkedin.com/pulse/tax-compliance-kenya-must-know-guide-py0if?trackingId=I9BAKkPGe%2B34LGUP8pOM4A%3D%3D","🚀 Tax Compliance in Kenya: A Must-Know Guide for Foreign Corporations.🚀","January 29, 2025","Kenya: A Gateway to East African Business Kenya has firmly established itself as a key player in East Africa, attracting foreign corporations eager to tap into its growing economy, strategic location, and skilled workforce. But before setting up operations, understanding Kenya’s tax framework is crucial. Non-compliance can lead to hefty penalties, operational disruptions, and legal challenges.
    

  






            
        
    
      This guide breaks down the essential tax considerations for foreign corporations looking to do business in Kenya, ensuring smooth entry and sustained compliance.
    

  






            
        
    
            Getting Started - Registering with the Kenya Revenue Authority (KRA)

    

  






            
        
    
      To operate legally in Kenya, foreign corporations must register with the Kenya Revenue Authority (KRA) and obtain a Personal Identification Number (PIN). This PIN is necessary for transactions such as opening bank accounts, property registration, and acquiring business permits.
    

  






            
        
    
      Foreign corporations can enter the Kenyan market through:
    

  






            
        
    
            A locally incorporated subsidiaryA registered branch officeA joint venture with local partners

    

  






            
        
    
      2. Corporate Income Tax (CIT) - What You Need to Know
    

  






            
        
    
      All businesses earning income in Kenya are subject to corporate income tax:
    

  






            
        
    
            30% for resident companies37.5% for non-resident companies with a permanent establishment in Kenya

    

  






            
        
    
      Foreign corporations should assess whether they qualify as a permanent establishment (PE) under Kenyan tax law, as this directly impacts their tax obligations.
    

  






            
        
    
      3. Value Added Tax (VAT) - Are You Liable?
    

  






            
        
    
      Kenya imposes a 16% VAT on taxable goods and services. Businesses with an annual turnover exceeding KES 5 million must register for VAT. Foreign corporations supplying goods or services in Kenya must comply with VAT registration and filing requirements to avoid penalties.
    

  






            
        
    
      4. Withholding Tax (WHT) - Critical Deductions
    

  






            
        
    
      Withholding tax applies to certain payments made to non-residents, including:
    

  






            
        
    
            Dividends – 5% (EAC residents), 10% (others)Interest – 15%Royalties – 20%Management & Professional Fees – 5% (residents), 20% (non-residents)

    

  






            
        
    
      Foreign corporations should check if their home country has a Double Taxation Agreement (DTA) with Kenya to benefit from reduced rates.
    

  






            
        
    
      5. Employment Taxes - What Employers Must Deduct
    

  






            
        
    
      Foreign corporations hiring employees in Kenya must adhere to Pay As You Earn (PAYE) regulations, deducting and remitting income tax on employee salaries (progressive rates: 10%–35%). Employers must also contribute to:
    

  






            
        
    
            National Social Security Fund (NSSF)National Hospital Insurance Fund (NHIF)Housing Levy (1.5% employer and employee contribution)

    

  






            
        
    
      6. Excise & Customs Duties - What’s Taxed?
    

  






            
        
    
      Certain goods and services attract excise duty, including alcohol, fuel, and mobile money transfers. Importers must comply with customs duties under the East African Community Customs Management Act when bringing goods into Kenya.
    

  






            
        
    
      7. Transfer Pricing - Compliance for Multinationals
    

  






            
        
    
      Foreign corporations transacting with related parties must comply with Kenya’s Transfer Pricing Rules, 2006. Proper documentation is essential to justify pricing policies and prevent tax avoidance through profit shifting.
    

  






            
        
    
      8. Tax Incentives - Maximizing Benefits
    

  






            
        
    
      Kenya offers several tax incentives to attract foreign investment:
    

  






            
        
    
            Export Processing Zones (EPZs) – 10-year corporate tax holidaySpecial Economic Zones (SEZs) – Reduced corporate tax rate of 10% for the first 10 yearsCapital Deductions – Investment deductions of up to 150% on capital expenditureRenewable Energy Projects – Tax exemptions on specific equipment

    

  






            
        
    
      9. Tax Filing & Penalties - Avoid Costly Mistakes
    

  






            
        
    
      Tax returns must be filed via Kenya’s iTax system, with key deadlines including:
    

  






            
        
    
            Corporate tax returns – June 30th of the following yearVAT returns – Monthly, by the 20thPAYE returns – Monthly, by the 9th

    

  






            
        
    
      Non-compliance leads to penalties:
    

  






            
        
    
            Late filing – KES 20,000 or 5% of tax due (whichever is higher)Late payment – 5% of tax due + 1% monthly interest

    

  






            
        
    
      Conclusion - Staying Compliant & Competitive
    

  






            
        
    
      Foreign corporations looking to establish and grow in Kenya must prioritize tax compliance to mitigate legal and financial risks. Understanding corporate tax, VAT, withholding tax, employment taxes, and incentives ensures seamless operations.
    

  






            
        
    
      Engaging with tax professionals and leveraging Kenya’s Double Taxation Agreements (DTAs) can help optimize tax liabilities while maintaining full compliance with KRA regulations.
    

  






            
        
    
      🚀Looking to expand into Kenya? Let's talk tax strategy!","https://media.licdn.com/dms/image/v2/D4D12AQG2mgxkYfICTg/article-cover_image-shrink_720_1280/article-cover_image-shrink_720_1280/0/1738164124879?e=1762387200&v=beta&t=td-QgmM9vywqgoALkjwc6jMJQ_1FDErhYB-v8aZO3pk"
"1759750328-10","https://www.linkedin.com/company/masinde-wanyonyi-company-advocates/posts/?feedView=all&viewAsMember=true","🚀 Leveraging Kenya’s Digital Transformation for Business Success: A Legal Perspective🚀
                
  


                
  
      
                  MASINDE WANYONYI & COMPANY ADVOCATES","https://www.linkedin.com/pulse/leveraging-kenyas-digital-transformation-cshsf?trackingId=rTiWfOHK0Hmbwl984dCAQQ%3D%3D","🚀 Leveraging Kenya’s Digital Transformation for Business Success: A Legal Perspective🚀","February 2, 2025","Kenya’s digital transformation is reshaping the business landscape, offering unprecedented opportunities for growth, innovation, and efficiency. From fintech to e-commerce, artificial intelligence, and blockchain, businesses that strategically leverage digital advancements position themselves for sustained success. However, as a firm specializing in corporate, commercial, and regulatory compliance, we recognize that with great innovation comes the necessity for robust legal frameworks to navigate risks and ensure sustainable growth.
    

  






            
        
    
      📈 1. The Digital Economy: A Catalyst for Growth
    

  






            
        
    
      Kenya has emerged as a digital powerhouse in Africa, driven by technological innovations such as mobile money (M-Pesa), digital banking, and e-governance. The government’s commitment to the Digital Economy Blueprint aims to enhance infrastructure, foster innovation, and promote digital trade. For businesses, this presents a golden opportunity to streamline operations, enhance customer experiences, and expand market reach.
    

  






            
        
    
      ⚖️ 2. Legal Considerations in Kenya’s Digital Transformation
    

  






            
        
    
      While digital transformation accelerates growth, it also presents legal and regulatory challenges that businesses must navigate carefully.
    

  






            
        
    
      ✅ Data Protection & Privacy Compliance 
    

  






            
        
    
      With the enactment of the Data Protection Act, 2019, businesses collecting, storing, or processing personal data must ensure compliance. Companies must obtain explicit consent, implement data security measures, and adhere to cross-border data transfer regulations. Non-compliance attracts penalties, including fines of up to KES 5 million or 1% of annual turnover.
    

  






            
        
    
      ✅ Intellectual Property Protection 
    

  






            
        
    
      As businesses innovate, safeguarding digital assets is critical. Whether it's proprietary software, AI algorithms, or e-commerce platforms, intellectual property (IP) laws provide protection through trademarks, copyrights, and patents. Proper legal structures ensure businesses retain control over their innovations and prevent infringement disputes.
    

  






            
        
    
      ✅ Regulatory Compliance in Fintech & E-Commerce 
    

  






            
        
    
      The fintech and e-commerce sectors have witnessed exponential growth, necessitating compliance with regulatory frameworks such as the Central Bank of Kenya (CBK) Digital Credit Providers Regulations, 2022 and the Consumer Protection Act. Businesses engaged in digital financial services must ensure licensing, fair lending practices, and anti-money laundering (AML) compliance.
    

  






            
        
    
      ✅ Cybersecurity & Digital Transactions 
    

  






            
        
    
      As digital transactions increase, so do cyber threats. The Computer Misuse and Cybercrimes Act, 2018 provides guidelines on cybersecurity obligations, fraud prevention, and incident reporting. Businesses must invest in robust cybersecurity measures to protect sensitive data and ensure transactional integrity.
    

  






            
        
    
      📜 3. The Role of Legal Advisory in Digital Success
    

  






            
        
    
      A forward-thinking legal strategy is essential for businesses leveraging Kenya’s digital transformation. Legal professionals play a crucial role in structuring digital ventures, negotiating technology contracts, ensuring regulatory compliance, and mitigating risks.
    

  






            
        
    
      🔑 Key Legal Strategies for Digital Businesses:
    

  






            
        
    
            📑 Drafting comprehensive contracts for digital service providers, software licensing, and data protection agreements.✅ Ensuring regulatory approvals for fintech and digital lending businesses.🔍 Conducting legal audits to assess compliance with evolving digital laws.📊 Advising on corporate governance in digital enterprises and tech startups.

    

  






            
        
    
      💡 4. Embracing Digitalization for Business Resilience
    

  






            
        
    
      The COVID-19 pandemic accelerated digital adoption, and businesses that have integrated technology continue to thrive. From remote work solutions to AI-driven customer service, digital transformation is no longer optional—it is a necessity. Legal preparedness is a fundamental pillar in ensuring businesses harness the benefits of technology while minimizing risks.
    

  






            
        
    
      🚀 5. The Future of Kenya’s Digital Economy
    

  






            
        
    
      Kenya’s digital landscape is evolving, with trends such as blockchain, AI-driven legal tech, and decentralized finance (DeFi) shaping the next frontier. Businesses that proactively embrace these advancements while adhering to legal frameworks will maintain a competitive edge.
    

  






            
        
    
      🔍 Final Thoughts
    

  






            
        
    
      Leveraging Kenya’s digital transformation requires a strategic blend of innovation, regulatory compliance, and legal foresight. As a legal professional, I am committed to guiding businesses through this transformative journey, ensuring that they not only capitalize on digital opportunities but also mitigate potential risks.
    

  






            
        
    
      📢 How is your business adapting to Kenya’s digital transformation? Let’s engage and explore solutions for success.
    

  






            
        
    
      #Kenya #DigitalTransformation #LegalTech #BusinessSuccess #RegulatoryCompliance #Fintech #Cybersecurity #DataProtection","https://media.licdn.com/dms/image/v2/D4D12AQEdhLkmaXQuXA/article-cover_image-shrink_720_1280/article-cover_image-shrink_720_1280/0/1738522225741?e=1762387200&v=beta&t=TNZrysgR4tSop4wzK1Nx57_cOfDowC1Lq56Q3qUxzUo"
"1759750342-11","https://www.linkedin.com/company/masinde-wanyonyi-company-advocates/posts/?feedView=all&viewAsMember=true","REITS: THE GOLDEN KEY TO UNLOCKING KENYA’S REAL ESTATE POTENTIAL
                
  


                
  
      
                  MASINDE WANYONYI & COMPANY ADVOCATES","https://www.linkedin.com/pulse/reits-golden-key-unlocking-kenyas-real-qygpf?trackingId=0jvJkk4JIKrReNUmwFRpQQ%3D%3D","REITS: THE GOLDEN KEY TO UNLOCKING KENYA’S REAL ESTATE POTENTIAL","February 9, 2025","Kenya’s real estate market is a captivating landscape of boundless potential, yet for many, direct investment in property remains an unattainable dream. The financial demands, lengthy processes, and market uncertainties can create formidable barriers. But what if there was a way to invest in real estate with the same ease and flexibility as buying stocks? Enter Real Estate Investment Trusts (REITs)—the modern-day alchemy transforming Kenya’s property sector into a liquid, accessible, and lucrative investment frontier.
    

  






            
        
    
      REITs: A Masterstroke in Real Estate Investment
    

  






            
        
    
      Imagine owning a stake in prime commercial skyscrapers, bustling shopping malls, or luxury residential complexes—all without the burdens of direct property management. REITs provide precisely that opportunity. These structured investment vehicles allow individuals to pool resources and earn returns from income-generating real estate, professionally managed to maximize profitability. In Kenya, REITs are regulated by the Capital Markets Authority (CMA), ensuring investor protection and market stability.
    

  






            
        
    
      Types of REITs: Tailored for Every Investor’s Ambition
    

  






            
        
    
      Kenya’s REIT framework accommodates different investor needs through three specialized categories:
    

  






            
        
    
            Income-REITs (I-REITs): Designed for those seeking stable, passive income, I-REITs invest in rental properties, distributing earnings from tenants directly to investors.Development-REITs (D-REITs): For the visionary investor, D-REITs offer the opportunity to finance property developments and reap returns once construction is completed and sold.Islamic REITs: Catering to investors adhering to Shariah principles, these REITs operate under Islamic financial laws, ensuring compliance with ethical investment standards.

    

  






            
        
    
      Why REITs Are Kenya’s Real Estate Game-Changer
    

  






            
        
    
      🌟 Democratizing Wealth Creation – No longer the exclusive preserve of the ultra-rich, REITs allow individuals to own a fraction of premium real estate with minimal capital.
    

  






            
        
    
      💰 Consistent Returns with Less Hassle – Enjoy passive income from rental earnings without the headaches of property management, maintenance, or tenant concerns.
    

  






            
        
    
      🔄 Liquidity Like Never Before – Unlike physical property, which can take years to sell, REITs are tradable on the Nairobi Securities Exchange (NSE), ensuring easy entry and exit.
    

  






            
        
    
      📈 Expert-Led Investment Strategies – With REITs, your investments are managed by professionals, optimizing asset performance and delivering high-value returns.
    

  






            
        
    
      🏛 Unparalleled Tax Advantages – REITs benefit from exemptions on corporate income tax and capital gains tax, amplifying investor gains and maximizing financial efficiency.
    

  






            
        
    
      The Bottlenecks: What’s Holding REITs Back?
    

  






            
        
    
      Despite their potential, REITs in Kenya face notable challenges:
    

  






            
        
    
            Market Awareness Deficit – Many potential investors remain unaware of how REITs function and the wealth-building opportunities they present.Regulatory and Structural Barriers – Bureaucratic inefficiencies can slow down approvals and deter investor enthusiasm.Economic Sensitivities – Like all investments, REITs are subject to macroeconomic fluctuations that can impact returns.

    

  






            
        
    
      The Future of REITs: Kenya’s Next Big Investment Goldmine
    

  






            
        
    
      The growth trajectory of REITs in Kenya is undeniable. With increasing investor education, regulatory reforms, and enhanced market participation, REITs are poised to redefine the property investment landscape. As Kenya continues to urbanize, the demand for high-quality commercial and residential spaces will surge—offering REIT investors a front-row seat to extraordinary wealth creation.
    

  






            
        
    
      For those seeking a sophisticated, low-risk, high-reward entry into real estate, REITs are the answer. The time to embrace this investment revolution is now.
    

  






            
        
    
      The Author, Dennis Masinde is an Advocate of the High Court of Kenya, specializing in Corporate, Commercial, Intellectual Property, Real Estate, Risk and Compliance, and Estate Planning. For expert legal advisory on real estate investment structures, REIT compliance, and property transactions, contact Masinde Wanyonyi & Company Advocates.","https://media.licdn.com/dms/image/v2/D4D12AQF8FEYJQ-f73Q/article-cover_image-shrink_600_2000/B4DZTqhkZBG8AU-/0/1739101457450?e=1762387200&v=beta&t=6BLDVShc_Wqf_mip01qP0XIP8zQ-hKe9JTW3cM0V1As"
"1759750357-12","https://www.linkedin.com/company/masinde-wanyonyi-company-advocates/posts/?feedView=all&viewAsMember=true","NAVIGATING BUSINESS FORMATION: CHOOSING THE RIGHT LEGAL STRUCTURE FOR SUCCESS
                
  


                
  
      
                  MASINDE WANYONYI & COMPANY ADVOCATES","https://www.linkedin.com/pulse/navigating-business-formation-choosing-fn4yf?trackingId=12keGMx1PRRQFrKX%2Fto4Gw%3D%3D","NAVIGATING BUSINESS FORMATION: CHOOSING THE RIGHT LEGAL STRUCTURE FOR SUCCESS","February 19, 2025","Starting a business is an exciting journey filled with opportunities and challenges. One of the most critical decisions entrepreneurs must make is selecting the right legal structure. This choice impacts taxation, liability, management, and growth potential. Understanding the various business structures available in Kenya can help set the foundation for long-term success.
    

  






            
        
    
      🟢 Sole Proprietorship: Simplicity and Full Control
    

  






            
        
    
      A sole proprietorship is the easiest and least expensive structure to set up. It gives the owner complete control over the business but comes with unlimited liability. This means personal assets may be at risk if the business faces financial difficulties or legal claims. It’s ideal for small-scale entrepreneurs testing the waters before expanding.
    

  






            
        
    
      🔷 Partnership: Shared Responsibility and Expertise
    

  






            
        
    
      Partnerships allow two or more individuals to co-own and run a business. There are two main types:
    

  






            
        
    
      🔹 General Partnership: Partners share profits, liabilities, and management responsibilities equally.
    

  






            
        
    
      🔹 Limited Partnership: Includes both general partners (who manage the business and assume full liability) and limited partners (who invest but have limited liability).
    

  






            
        
    
      Partnerships are beneficial when complementary skills and capital pooling are necessary, but a well-drafted partnership agreement is crucial to prevent disputes.
    

  






            
        
    
      🛡️ Limited Liability Company (LLC): Balance Between Protection and Flexibility
    

  






            
        
    
      An LLC is a popular choice for many businesses as it combines liability protection with operational flexibility. Owners (members) are not personally liable for business debts, making it a safer option than sole proprietorships or partnerships. Additionally, an LLC provides credibility and access to funding while allowing for simplified taxation.
    

  






            
        
    
      🏢 Private Limited Company (PLC): Ideal for Growth-Oriented Businesses
    

  






            
        
    
      A Private Limited Company (PLC) is a separate legal entity from its owners, meaning it can own assets, enter contracts, and sue or be sued independently. Shareholders enjoy limited liability, and the company can raise capital through equity investment. While compliance and regulatory requirements are stricter, a PLC is the best option for businesses with long-term expansion goals.
    

  






            
        
    
      📈 Public Limited Company (PLC): Going Big and Raising Capital
    

  






            
        
    
      For large businesses seeking to raise capital through public investment, a Public Limited Company is the way to go. It requires extensive regulatory compliance and governance but allows the company to be listed on the stock exchange, attracting investors and enabling large-scale growth.
    

  






            
        
    
      📌 Business Name vs. Company Incorporation: What’s the Difference?
    

  






            
        
    
      Many small businesses operate under a business name without incorporation, which offers minimal legal protection. While this may work for sole proprietorships, incorporating as a company enhances credibility, attracts investors, and protects personal assets from business risks.
    

  






            
        
    
      🚀 Key Considerations When Choosing a Structure
    

  






            
        
    
      ✅ Liability Protection: How much personal risk are you willing to take?
    

  






            
        
    
      ✅ Tax Implications: Different structures attract different tax obligations.
    

  






            
        
    
      ✅ Growth and Investment Plans: Will you need investors or expansion opportunities?
    

  






            
        
    
      ✅ Regulatory Compliance: Are you prepared to meet legal requirements?
    

  






            
        
    
      💡 Final Thoughts
    

  






            
        
    
      Selecting the right legal structure is crucial for long-term success. While each option has its advantages and disadvantages, the best choice depends on your business goals, risk tolerance, and operational needs. Consulting with a legal expert can help you make an informed decision and avoid costly mistakes.
    

  






            
        
    
      At Masinde Wanyonyi & Company Advocates, we specialize in guiding entrepreneurs through business formation, ensuring compliance, and structuring for success. Get in touch today and take the first step toward building a legally sound and thriving enterprise!
    

  






            
        
    
      💬What business structure suits your venture? Let’s discuss in the comments or book a consultation with our firm!","https://media.licdn.com/dms/image/v2/D4D12AQHW3UIW4YMeEw/article-cover_image-shrink_600_2000/B4DZUen0DRHwAQ-/0/1739975510235?e=1762387200&v=beta&t=JnaYnX0dt_hlrq-qEVcf4dZwSHWNUskWVbJS5dJkCiY"
"1759750371-13","https://www.linkedin.com/company/masinde-wanyonyi-company-advocates/posts/?feedView=all&viewAsMember=true","🚀 Mergers & Acquisitions in Kenya: Navigating Legal Due Diligence and Risk Mitigation.
                
  


                
  
      
                  MASINDE WANYONYI & COMPANY ADVOCATES","https://www.linkedin.com/pulse/mergers-acquisitions-kenya-navigating-gquff?trackingId=owH97un9IcuhRo%2B30BrqyA%3D%3D","🚀 Mergers & Acquisitions in Kenya: Navigating Legal Due Diligence and Risk Mitigation.","February 23, 2025","In Kenya's rapidly evolving corporate landscape, Mergers and Acquisitions (M&A) have become powerful tools for business expansion, market entry, and competitive positioning. Whether you are acquiring a promising startup or merging with an established entity, one critical step determines the success or failure of an M&A transaction—Legal Due Diligence.
    

  






            
        
    
      Legal due diligence is more than a box-ticking exercise; it is a strategic risk mitigation process that uncovers hidden liabilities, ensures regulatory compliance, and safeguards investor interests. As an Advocate of the High Court of Kenya specializing in Corporate and Commercial law, I have guided numerous clients through M&A transactions, ensuring seamless transitions while minimizing legal exposure. Here’s what you need to know.
    

  






            
        
    
      🧐 Why Legal Due Diligence Matters
    

  






            
        
    
      Legal due diligence is the investigative process undertaken to assess the legal health of a target company before completing an M&A transaction. It involves a thorough review of contracts, regulatory compliance, litigation history, intellectual property, tax obligations, employment matters, and financial liabilities.
    

  






            
        
    
      This process is essential for buyers to make informed decisions, negotiate favorable terms, and prevent post-transaction disputes. For sellers, legal due diligence helps in preparing for a smooth transition and addressing potential red flags before they become deal-breakers.
    

  






            
        
    
      🔍 Key Areas of Legal Due Diligence
    

  






            
        
    
      When conducting legal due diligence, several key areas require scrutiny:
    

  






            
        
    
      ✅Corporate and Governance Structure
    

  






            
        
    
      🔹 Reviewing incorporation documents, shareholding structures, and board resolutions.
    

  






            
        
    
      🔹 Evaluating whether the target company has adhered to corporate governance best practices.
    

  






            
        
    
      ✅Contracts and Commercial Agreements
    

  






            
        
    
      🔹 Assessing supplier, customer, and partnership agreements for potential risks.
    

  






            
        
    
      🔹 Checking for restrictive clauses, exclusivity agreements, and non-compete obligations that may affect post-acquisition operations.
    

  






            
        
    
      ✅ Regulatory Compliance
    

  






            
        
    
      🔹 Ensuring compliance with the Companies Act, Competition Act, and sector-specific regulations.
    

  






            
        
    
      🔹 Reviewing licensing requirements and permits issued by regulatory bodies such as the Capital Markets Authority (CMA) and the Competition Authority of Kenya (CAK).
    

  






            
        
    
      ✅ Intellectual Property (IP) Rights
    

  






            
        
    
      🔹 Examining trademarks, copyrights, patents, and trade secrets to ensure valid ownership.
    

  






            
        
    
      🔹 Checking for any pending IP disputes that could impact business continuity.
    

  






            
        
    
      ✅ Litigation and Dispute Resolution
    

  






            
        
    
      🔹 Reviewing past and ongoing litigation to assess potential financial and reputational risks.
    

  






            
        
    
      🔹 Evaluating dispute resolution mechanisms within existing contracts.
    

  






            
        
    
      ✅ Tax and Financial Obligations
    

  






            
        
    
      🔹 Ensuring the target company has complied with tax obligations under the Kenya Revenue Authority (KRA).
    

  






            
        
    
      🔹 Checking for any pending tax disputes or penalties that could become liabilities post-acquisition.
    

  






            
        
    
      ✅ Employment and Labor Compliance
    

  






            
        
    
      🔹 Reviewing employee contracts, benefits, and pension schemes.
    

  






            
        
    
      🔹 Ensuring compliance with labor laws, redundancy regulations, and trade union obligations.
    

  






            
        
    
      🛡️ Risk Mitigation Strategies in M&A Transactions
    

  






            
        
    
      Identifying risks is only half the battle—mitigating them effectively ensures a successful transaction. Here are key risk mitigation strategies:
    

  






            
        
    
      🔹 Structuring the Transaction to Minimize Risk
    

  






            
        
    
      ✅Choosing between an asset purchase and a share purchase based on risk exposure.
    

  






            
        
    
      ✅Incorporating indemnity clauses and warranties in agreements to protect the buyer.
    

  






            
        
    
      🔹 Negotiating Favorable Terms
    

  






            
        
    
      ✅Using due diligence findings to negotiate price adjustments or require specific remedial actions.
    

  






            
        
    
      ✅Implementing earn-out provisions to tie part of the purchase price to post-acquisition performance.
    

  






            
        
    
      🔹 Regulatory Approvals and Compliance Measures
    

  






            
        
    
      ✅Seeking necessary approvals from regulatory bodies such as the CAK to avoid antitrust violations.
    

  






            
        
    
      ✅Implementing post-merger compliance programs to align with statutory requirements.
    

  






            
        
    
      🔹 Effective Integration Planning
    

  






            
        
    
      ✅Developing a robust post-merger integration plan covering operational, financial, and cultural alignment.
    

  






            
        
    
      ✅Ensuring seamless communication between legal, HR, and management teams to prevent disruption.
    

  






            
        
    
      💼 The Role of Legal Experts in M&A Transactions
    

  






            
        
    
      M&A transactions are complex and require specialized legal expertise to navigate regulatory requirements, negotiate favorable terms, and mitigate risks. Engaging experienced legal advisors ensures:
    

  






            
        
    
      ✔️ Expert Risk Assessment – Identifying hidden liabilities early in the process.
    

  






            
        
    
      ✔️ Strategic Deal Structuring – Aligning the transaction with business objectives while mitigating risks.
    

  






            
        
    
      ✔️ Regulatory Navigation – Ensuring all legal and compliance requirements are met.
    

  






            
        
    
      ✔️ Seamless Post-Merger Transition – Facilitating smooth business integration for long-term success.
    

  






            
        
    
      At Masinde Wanyonyi & Company Advocates, we provide strategic legal guidance for businesses engaging in M&A transactions, ensuring compliance, risk mitigation, and successful deal execution.
    

  






            
        
    
      📌 Final Thoughts
    

  






            
        
    
      M&A transactions present lucrative opportunities but also come with inherent legal risks. Conducting thorough legal due diligence and implementing effective risk mitigation strategies is the key to a successful transaction. Whether you are a local company looking to expand or an international investor eyeing the Kenyan market, partnering with experienced legal professionals will ensure a smooth and legally sound acquisition process.
    

  






            
        
    
      At M&W Advocates, we specialize in guiding businesses through M&A transactions, ensuring compliance, risk mitigation, and successful deal execution.
    

  






            
        
    
      💬 Are you considering an M&A transaction? Let’s discuss in the comments, or book a consultation with our firm today!","https://media.licdn.com/dms/image/v2/D4D12AQET7DcJCnBkgQ/article-cover_image-shrink_600_2000/B4DZUy5kEKGcAU-/0/1740315707188?e=1762387200&v=beta&t=zlkx49yVasOTrxj-m6RB3b6cQs8MFOL4l_PiXOb_lCs"
"1759750385-14","https://www.linkedin.com/company/masinde-wanyonyi-company-advocates/posts/?feedView=all&viewAsMember=true","🚨 Avoiding Land Fraud: The Smart Buyer's Guide to Securing Your Property 🚨
                
  


                
  
      
                  MASINDE WANYONYI & COMPANY ADVOCATES","https://www.linkedin.com/pulse/avoiding-land-fraud-smart-buyers-guide-lb0af?trackingId=3iusNb58G6nCSmli8WsZ9w%3D%3D","🚨 Avoiding Land Fraud: The Smart Buyer's Guide to Securing Your Property 🚨","February 25, 2025","Buying land in Kenya is an exciting investment, but it’s also a minefield of fraudsters, fake documents, and hidden legal traps. One wrong move, and you could lose everything. At MWC Advocates, we’ve helped clients navigate complex land transactions, protecting them from costly mistakes. Here’s how you can safeguard your investment and avoid land fraud.
    

  






            
        
    
      Step 1: Verify Ownership ✅
    

  






            
        
    
      Never take a seller’s word at face value. Request the title deed and conduct an official search at the relevant Ministry of Lands and Physical Planning Registry. This will confirm:
    

  






            
        
    
            The legal ownerAny existing loans, disputes, or encumbrancesThe property’s history

    

  






            
        
    
      Fraudsters forge title deeds, so always check with the authorities!
    

  






            
        
    
      Step 2: Confirm the Seller’s Identity 🆔
    

  






            
        
    
      Scammers often pose as landowners. Protect yourself by:
    

  






            
        
    
            Requesting their National ID or passportChecking company-owned land through a CR12 form (for corporate sellers)Ensuring a Power of Attorney is legally granted (if the seller is acting for someone else)

    

  






            
        
    
      Step 3: Conduct a Physical Site Visit 🚶♂️
    

  






            
        
    
      Buying land from behind a desk is a recipe for disaster. Visit the site yourself to:
    

  






            
        
    
            Verify the land’s size and boundariesSpeak with neighbors and local officialsConfirm that there are no squatters or pending disputes

    

  






            
        
    
      Step 4: Hire a Licensed Surveyor 📏
    

  






            
        
    
      Land fraudsters thrive on misrepresentation. A licensed surveyor will:
    

  






            
        
    
            Confirm land boundariesCross-check official maps at the Survey of KenyaEnsure the land physically exists!

    

  






            
        
    
      Step 5: Check Land Rates & Zoning Laws 🏛️
    

  






            
        
    
      Different plots have different legal uses. Avoid surprises by confirming:
    

  






            
        
    
            Whether there are unpaid land rates or penaltiesIf the land is zoned for residential, commercial, or agricultural useAny special restrictions from local government or the National Land Commission

    

  






            
        
    
      Step 6: Investigate for Legal Disputes ⚖️
    

  






            
        
    
      A lawsuit can halt your investment before it even begins! Check at the Environment and Land Court Registry to confirm that the land isn’t involved in ongoing litigation.
    

  






            
        
    
      Step 7: Secure a Strong Sale Agreement 📝
    

  






            
        
    
      A handshake won’t cut it. Have a qualified advocate draft a legally binding Sale Agreement, covering:
    

  






            
        
    
            Purchase price & payment termsTransfer timelinesAny pre-conditions to the sale

    

  






            
        
    
      Step 8: Complete the Legal Transfer Process 🔑
    

  






            
        
    
      To legally own the land, ensure:
    

  






            
        
    
            Payment of stamp duty (2%-4% depending on location)Registration of the transfer at the Land RegistryA final title search confirming your name is now on the title deed

    

  






            
        
    
      Why You Need a Lawyer 🤝
    

  






            
        
    
      Kenya’s land laws are complex, and fraudsters are getting smarter. A real estate lawyer will:
    

  






            
        
    
            Identify red flags before you commitConduct due diligence on your behalfHandle all legal paperwork to protect your rights

    

  






            
        
    
      At MWC Advocates, we specialize in secure land transactions. Whether you’re buying your first plot or investing in large-scale property, we ensure your investment is safe and fraud-proof.
    

  






            
        
    
      📩 Need expert legal advice? Let’s talk! Secure your property investment the right way. Your security is our priority! 🔐","https://media.licdn.com/dms/image/v2/D4D12AQFHInY6M1aF1Q/article-cover_image-shrink_600_2000/B4DZU6Ch0QHwAQ-/0/1740435497444?e=1762387200&v=beta&t=EAMtoAU3M7izS4OVBtndEXz8WMuIDv604O54aKWt4p4"
"1759750400-15","https://www.linkedin.com/company/masinde-wanyonyi-company-advocates/posts/?feedView=all&viewAsMember=true","🏡Understanding Leases vs. Freehold Property: What Every Investor Should Know🏡
                
  


                
  
      
                  MASINDE WANYONYI & COMPANY ADVOCATES","https://www.linkedin.com/pulse/understanding-leases-vs-freehold-property-no6sf?trackingId=2eSULnsSRUedFRS53kyQgA%3D%3D","🏡Understanding Leases vs. Freehold Property: What Every Investor Should Know🏡","February 27, 2025","🏡 When it comes to investing in real estate, one of the most fundamental decisions is whether to acquire property under a leasehold or freehold tenure. Get it wrong, and you could be stuck with costly fees, legal restrictions, or a risky investment. Whether you are a local or foreign investor eyeing the Kenyan property market, understanding the differences between leasehold and freehold ownership is crucial. Let’s break it down in simple terms.
    

  






            
        
    
      Freehold Property: Full Ownership for Life ✅
    

  






            
        
    
      Freehold ownership, also known as absolute ownership, grants the owner full rights over the land and any developments on it indefinitely. Once you acquire a freehold title, you own the land outright with minimal restrictions. In Kenya, freehold land is mostly found in rural areas, and it offers long-term security for property investors and homeowners. Key advantages include:
    

  






            
        
    
      ✔️ Unlimited ownership – You own the land permanently without the need for renewal.
    

  






            
        
    
      ✔️ Minimal restrictions – There are fewer government controls compared to leasehold properties.
    

  






            
        
    
      ✔️ Higher resale value – Freehold properties are generally more attractive to buyers due to their indefinite tenure.
    

  






            
        
    
      📌 Caution: Freehold land still follows zoning laws and environmental regulations. Always verify title deeds and ownership records!
    

  






            
        
    
      Leasehold Property: Limited Ownership 🕰️
    

  






            
        
    
      Leasehold property means you own the land and developments for a fixed period—typically 99 years—after which the lease must be renewed. In Kenya, most urban properties, including those in major cities like Nairobi and Mombasa, are leasehold. Leasehold tenure is common for government-controlled land, commercial properties, and developments within municipalities. Key characteristics of leasehold property include:
    

  






            
        
    
      ✔️ Fixed tenure – Ownership is limited to a specified period, commonly 99 years, with an option for renewal.
    

  






            
        
    
      ✔️ Ground rent obligations – Leaseholders must pay annual ground rent to the government or landowners.
    

  






            
        
    
      ✔️ Development conditions – There may be restrictions on how the property can be developed or used.
    

  






            
        
    
      Lease Renewal and Conversion to Freehold 🔄
    

  






            
        
    
      If a lease is nearing expiration, investors can apply for a renewal or seek to convert the leasehold title into freehold. The conversion process involves an application to the relevant government authorities, valuation assessments, and payment of a conversion fee. Foreign investors should note that only Kenyan citizens can own freehold land—most foreigners can only acquire leasehold property.
    

  






            
        
    
      Smart Investment Tips for Buyers 💡
    

  






            
        
    
      🔹Purpose of Investment – Are you buying for long-term ownership or short-term returns? Freehold properties provide permanent ownership, while leasehold properties may require future negotiations.
    

  






            
        
    
      🔹 Location Matters – Most urban properties in Kenya are leasehold, while rural properties tend to be freehold.
    

  






            
        
    
      🔹 Legal Compliance – Ensure due diligence before purchase. Verify the title deed, lease terms, and renewal conditions with a real estate lawyer.
    

  






            
        
    
      🔹 Costs and Restrictions – Leasehold properties come with ground rent and renewal fees, while freehold properties have fewer recurring costs.
    

  






            
        
    
      🔹 Hire a Lawyer – A legal expert ensures your transaction is secure and fraud-free.
    

  






            
        
    
      Secure Your Investment Today! 🔐
    

  






            
        
    
      Both leasehold and freehold property investments have their advantages and limitations. Understanding these differences helps investors make informed decisions that align with their financial goals. If you’re looking to invest in Kenyan real estate, consulting with a legal expert can ensure a smooth transaction and long-term security for your investment.
    

  






            
        
    
      📩 Need expert legal advice? Let’s talk! Your investment security is our priority. 🚀","https://media.licdn.com/dms/image/v2/D4D12AQF3Z2U4Cu30_g/article-cover_image-shrink_600_2000/B4DZVEQhZhHkAQ-/0/1740606937775?e=1762387200&v=beta&t=4ir2wClkkhBW6g-GnjLqPIgdyntwD2A4L8PwIenUAMg"
"1759750414-16","https://www.linkedin.com/company/masinde-wanyonyi-company-advocates/posts/?feedView=all&viewAsMember=true","🔐 Data Protection & Privacy Laws in Kenya: What Businesses Need to Know 🔐
                
  


                
  
      
                  MASINDE WANYONYI & COMPANY ADVOCATES","https://www.linkedin.com/pulse/data-protection-privacy-laws-kenya-pf9ef?trackingId=VpLjQD9qTiHx2Wy0DUZCMA%3D%3D","🔐 Data Protection & Privacy Laws in Kenya: What Businesses Need to Know 🔐","March 3, 2025","In today’s digital world, data is the new gold—and protecting it is no longer optional! Businesses in Kenya rely on data for customer engagement, decision-making, and operational efficiency. But with great power comes great responsibility. 🚨 Non-compliance with Kenya’s data protection laws can lead to hefty fines, legal trouble, and loss of customer trust!
    

  






            
        
    
      So, how can businesses stay compliant while leveraging data for growth? Let’s break it down. 🧐
    

  






            
        
    
      📜 The Legal Framework: Understanding Kenya’s Data Protection Act, 2019
    

  






            
        
    
      Kenya’s Data Protection Act, 2019 (DPA) is the country’s primary law governing data privacy. Inspired by global standards like the EU’s GDPR, it regulates how businesses collect, store, process, and share personal data. Whether you’re a local or foreign company handling personal data in Kenya, this law applies to you! 🚀
    

  






            
        
    
      The Act mandates the appointment of a Data Protection Officer (DPO) for businesses engaged in large-scale data processing.
    

  






            
        
    
      🏛️ Key Requirement: Data Protection Officer (DPO)
    

  






            
        
    
      Businesses that process significant amounts of personal data must appoint a Data Protection Officer (DPO) to oversee compliance.
    

  






            
        
    
      📌 Key Compliance Requirements for Businesses
    

  






            
        
    
      ✅ Lawful Processing: Only collect and process data with consent or a valid legal basis.
    

  






            
        
    
      ✅ Purpose Limitation: Use data only for specific and legitimate purposes.
    

  






            
        
    
      ✅ Data Minimization: Collect only what is necessary—nothing more!
    

  






            
        
    
      ✅ Transparency & Accountability: Clearly inform users how their data is handled.
    

  






            
        
    
      ✅ Data Subject Rights: Individuals can access, correct, delete, or restrict their data usage.
    

  






            
        
    
      💡 Pro Tip: Ensure your privacy policies and consent forms are crystal clear and compliant!
    

  






            
        
    
       
    

  






            
        
    
      🏛️ The Role of the Office of the Data Protection Commissioner (ODPC)
    

  






            
        
    
      The ODPC is responsible for enforcing data protection laws in Kenya. The office has the authority to investigate complaints, conduct audits, and impose hefty fines for non-compliance. Businesses should register with the ODPC if they process sensitive personal data or operate as a data controller/processor.
    

  






            
        
    
      🌍 Cross-Border Data Transfers: What You Need to Know
    

  






            
        
    
      If your business transfers data outside Kenya, compliance with cross-border data transfer regulations is essential. Data can only be transferred to countries that provide adequate data protection measures or where the ODPC has approved the transfer.
    

  






            
        
    
      🔄 Ask yourself: Are your international data transfers legally compliant? If not, it’s time to take action!
    

  






            
        
    
      ⚠️ What Happens If You Don’t Comply?
    

  






            
        
    
      🚨 Penalties for non-compliance are steep! 🚨
    

  






            
        
    
      💰 Fines of up to KES 5 million or 1% of annual turnover—whichever is higher!
    

  






            
        
    
      ⚖️ Legal action from affected individuals or the regulator.
    

  






            
        
    
      📉 Reputational damage that could cost your business customers and investors.
    

  






            
        
    
      🔑 How Businesses Can Stay Compliant
    

  






            
        
    
      🔹 Conduct a Data Audit – Identify what personal data you collect and how you process it.
    

  






            
        
    
      🔹 Appoint a Data Protection Officer (DPO) – If required, have a specialist oversee compliance. 🔹 Implement Strong Privacy Policies – Ensure all employees are trained on data protection.
    

  






            
        
    
      🔹 Secure Your Data – Invest in cybersecurity to prevent breaches and unauthorized access.
    

  






            
        
    
      🔹 Obtain Explicit Consent – Always get clear and informed consent before processing data.
    

  






            
        
    
       
    

  






            
        
    
      🚀 Final Thoughts: Protect Data, Build Trust!
    

  






            
        
    
      Kenya’s data protection laws are evolving, and businesses must stay ahead of compliance requirements to avoid penalties and maintain customer trust.
    

  






            
        
    
      At MWC Advocates, we specialize in helping businesses navigate data protection laws with confidence. Let’s ensure your business is compliant, secure, and ready for the future! 🔒
    

  






            
        
    
      📩Need expert legal advice? Let’s talk! Your data security is our priority.🚀","https://media.licdn.com/dms/image/v2/D4D12AQGvOayZ_Fncgw/article-cover_image-shrink_720_1280/B4DZVdHFxmHYAI-/0/1741023895956?e=1762387200&v=beta&t=38qLt-CJJz6V3D9JrWk4WABONdsR15mD7DWB8kWw9gA"
"1759750428-17","https://www.linkedin.com/company/masinde-wanyonyi-company-advocates/posts/?feedView=all&viewAsMember=true","✨ Writing a Will in Kenya: Why It’s Essential & How to Do It Right ✨
                
  


                
  
      
                  MASINDE WANYONYI & COMPANY ADVOCATES","https://www.linkedin.com/pulse/writing-kenya-why-its-essential-how-abdzf?trackingId=F4opXWrQ05bzlf6Qwly9vw%3D%3D","✨ Writing a Will in Kenya: Why It’s Essential & How to Do It Right ✨","March 9, 2025","🌟 The Story of Uncle Joe: A Cautionary Tale
    

  






            
        
    
      Uncle Joe was a hardworking businessman. He had built a successful enterprise, owned properties in Nairobi, and took care of his family. But there was one thing he never got around to doing: writing a will. When he passed away unexpectedly, his family was thrown into chaos. His wife and children fought over his estate, long-lost relatives surfaced with claims, and court battles drained the very wealth he had spent a lifetime building. All of this could have been avoided with a simple yet crucial document—a will.
    

  






            
        
    
      Sadly, many Kenyans find themselves in similar situations. Without a will, your assets might not go where you intended, and your loved ones could face unnecessary legal battles. Let’s talk about why having a will is essential and how you can get it right.
    

  






            
        
    
      📝 Why You Need a Will
    

  






            
        
    
      ✅Ensures Your Wishes Are Respected
    

  






            
        
    
      A will gives you control over how your property is distributed after your passing. Without one, the law decides who gets what, which might not align with your wishes.
    

  






            
        
    
      ✅Prevents Family Disputes
    

  






            
        
    
      A well-drafted will minimizes conflicts among family members and prevents lengthy court battles over inheritance.
    

  






            
        
    
      ✅Protects Minor Children
    

  






            
        
    
      If you have young children, a will allows you to appoint a legal guardian to care for them in your absence.
    

  






            
        
    
      ✅Safeguards Your Business & Investments
    

  






            
        
    
      Without a will, your business interests may suffer as family members struggle to determine succession.
    

  






            
        
    
      ✅Avoids Costly Legal Battles
    

  






            
        
    
      Dying intestate (without a will) means your estate goes through a long legal process that can be expensive and emotionally draining for your loved ones.
    

  






            
        
    
      🏢 How to Write a Will in Kenya
    

  






            
        
    
      💡 Step 1: List Your Assets & Beneficiaries
    

  






            
        
    
      Take stock of all your assets—land, vehicles, shares, businesses, bank accounts, and even sentimental valuables. Decide who should inherit what.
    

  






            
        
    
      👤 Step 2: Appoint an Executor
    

  






            
        
    
      An executor is the person who will ensure your wishes are carried out. Choose someone trustworthy and responsible.
    

  






            
        
    
      🤖 Step 3: Name a Guardian for Minor Children
    

  






            
        
    
      If you have children under 18, appoint a guardian to take care of them if you are no longer around.
    

  






            
        
    
      🔒 Step 4: Draft the Will
    

  






            
        
    
      Your will should be clear, precise, and legally sound. While you can draft it yourself, consulting a lawyer ensures it complies with Kenyan laws.
    

  






            
        
    
      👨⚖️ Step 5: Sign the Will in Front of Witnesses
    

  






            
        
    
      Under Kenyan law, your will must be signed in the presence of at least two witnesses, who should also sign it. They cannot be beneficiaries.
    

  






            
        
    
      📁 Step 6: Keep It Safe
    

  






            
        
    
      Store your will in a secure place, such as with your lawyer, in a bank safe deposit box, or with a trusted individual. Make sure someone knows where it is.
    

  






            
        
    
      ✨ Common Myths About Wills (And The Truth!)
    

  






            
        
    
      🤔 Myth: “I’m too young to write a will.” 💡 Truth: Anyone above 18 with assets should have a will. Life is unpredictable!
    

  






            
        
    
      🤔 Myth: “If I write a will, I might die soon.” 💡 Truth: Writing a will doesn’t summon death—it ensures your loved ones are taken care of.
    

  






            
        
    
      🤔 Myth: “I don’t have enough wealth to justify a will.” 💡 Truth: A will is not just for the rich. Even small assets can cause big disputes.
    

  






            
        
    
      🚀 Take Action Today
    

  






            
        
    
      If you haven’t written a will yet, now is the time. It’s a simple yet powerful step to protect your loved ones and secure your legacy.
    

  






            
        
    
      At MWC Advocates, we specialize in will drafting and estate planning. We make the process easy, confidential, and legally sound.
    

  






            
        
    
      📞 Need help drafting your will? Contact us today at MWC Advocates to ensure your wishes are honored and your loved ones are protected.
    

  






            
        
    
      Let’s secure your legacy—because tomorrow is never guaranteed. ✨","https://media.licdn.com/dms/image/v2/D4D12AQGj33gZRjAj4g/article-cover_image-shrink_720_1280/B4DZV7FWqpGcAI-/0/1741526757375?e=1762387200&v=beta&t=XKZ8-SihgGFC2c1yFv2PwncwPusGv9cEJL5Bbtpxsfo"
"1759750443-18","https://www.linkedin.com/company/masinde-wanyonyi-company-advocates/posts/?feedView=all&viewAsMember=true","The Unexpected Visit: A Lesson in AML Compliance
                
  


                
  
      
                  MASINDE WANYONYI & COMPANY ADVOCATES","https://www.linkedin.com/pulse/unexpected-visit-lesson-aml-compliance-qpqwf?trackingId=e4KBorHMtOE%2FJVF0eRy%2B%2Bw%3D%3D","The Unexpected Visit: A Lesson in AML Compliance","March 22, 2025","A prominent Nairobi businessman, let’s call him James, was having a routine day at his thriving import-export company when unexpected guests arrived—officers from the Financial Reporting Centre (FRC). Armed with documents and serious faces, they began asking about a series of transactions linked to James’ business. What followed was a grueling audit that revealed gaps in his company’s Anti-Money Laundering (AML) compliance. The result? Frozen bank accounts, reputational damage, and a costly legal battle to clear his name.
    

  






            
        
    
      James’ story is not unique. As regulators tighten their grip on financial crimes, businesses across Kenya—big and small—are finding themselves under increased scrutiny. The question is: Are you prepared? 🤔
    

  






            
        
    
      Understanding Anti-Money Laundering (AML) Compliance
    

  






            
        
    
      Money laundering is a global menace, and Kenya is no exception. With its rapidly growing economy and fintech revolution, the country has become both a hub for legitimate business and, unfortunately, a target for illicit financial flows.
    

  






            
        
    
      To combat this, Kenya has established a robust AML framework under the Proceeds of Crime and Anti-Money Laundering Act (POCAMLA) and related regulations. Key stakeholders such as the Central Bank of Kenya (CBK), Capital Markets Authority (CMA), and the Financial Reporting Centre (FRC) play critical roles in enforcing compliance.
    

  






            
        
    
      But what does this mean for businesses like yours? Let’s break it down. 🧐
    

  






            
        
    
      Who Must Comply with AML Regulations?
    

  






            
        
    
      AML compliance is not just for banks and financial institutions. It extends to:
    

  






            
        
    
      ✅ Real estate firms 🏡
    

  






            
        
    
      ✅ Law firms & accountants ⚖️
    

  






            
        
    
      ✅ Forex bureaus & money remittance services 💱
    

  






            
        
    
      ✅ Betting and gaming companies 🎰
    

  






            
        
    
      ✅ Fintech & mobile lending platforms 📲
    

  






            
        
    
      ✅ High-value goods dealers (e.g., luxury car sellers, jewelers) 🚗💎
    

  






            
        
    
      If your business falls into these categories, you must implement AML policies—or risk severe penalties.
    

  






            
        
    
      Key Components of AML Compliance
    

  






            
        
    
      1️. Know Your Customer (KYC) & Customer Due Diligence (CDD)
    

  






            
        
    
            Verify client identities before engaging in business.Assess the risk level of each client (low, medium, or high risk).

    

  






            
        
    
      2️. Transaction Monitoring
    

  






            
        
    
            Keep an eye on suspicious financial activities, such as large cash transactions or inconsistent patterns.Use automated tools if possible.

    

  






            
        
    
      3️. Suspicious Transaction Reporting (STRs)
    

  






            
        
    
            Any unusual transactions must be reported to the FRC promptly.

    

  






            
        
    
      4️. Internal Policies & Employee Training
    

  






            
        
    
            Regularly train your team on AML requirements to ensure compliance at all levels.Implement strong internal control measures.

    

  






            
        
    
      5️. Record Keeping
    

  






            
        
    
            Maintain records of transactions and due diligence for at least 7 years.Ensure these records are readily available for audits.

    

  






            
        
    
      Penalties for Non-Compliance 🚨
    

  






            
        
    
      Failure to comply with AML regulations can lead to:
    

  






            
        
    
      ❌ Heavy fines (up to Ksh. 25 million for corporate entities)
    

  






            
        
    
      ❌ Freezing of bank accounts and seizure of assets
    

  






            
        
    
      ❌ Revocation of business licenses
    

  






            
        
    
      ❌ Criminal prosecution leading to possible imprisonment
    

  






            
        
    
      Clearly, the cost of non-compliance is far greater than the investment in compliance. 💡
    

  






            
        
    
      How we Can Help 🏆
    

  






            
        
    
      Navigating AML regulations can be overwhelming, but you don’t have to do it alone. As a firm specializing in Corporate, Compliance, and Risk Management, we can help you:
    

  






            
        
    
      ✔ Develop tailored AML policies for your business.
    

  






            
        
    
      ✔ Conduct compliance audits to identify and fix gaps.
    

  






            
        
    
      ✔ Train your team on KYC, transaction monitoring, and reporting.
    

  






            
        
    
      ✔ Represent you in case of regulatory investigations or legal disputes.
    

  






            
        
    
      Final Thoughts: Be Proactive, Not Reactive!
    

  






            
        
    
      In today’s fast-evolving regulatory landscape, AML compliance is not optional—it’s a necessity. Whether you’re a startup, a well-established business, or an entrepreneur expanding operations, staying ahead of compliance risks can safeguard your reputation and ensure business continuity.
    

  






            
        
    
      🚀 Don’t wait for a James-like situation to take action. Reach out today and let’s fortify your business against financial crimes!
    

  






            
        
    
      💬Have questions or need assistance? Drop a comment or send us a message!","https://media.licdn.com/dms/image/v2/D4D12AQHJmnfRm4d54w/article-cover_image-shrink_423_752/B4DZW9MbH_GkAU-/0/1742635906441?e=1762387200&v=beta&t=K2HXcW6qpdp6aStDVi5zCFYexNhgyfMGEarHAs3feiw"
"1759750458-19","https://www.linkedin.com/company/masinde-wanyonyi-company-advocates/posts/?feedView=all&viewAsMember=true","Monetizing Intellectual Property: Turning Your Creations into Profit
                
  


                
  
      
                  MASINDE WANYONYI & COMPANY ADVOCATES","https://www.linkedin.com/pulse/monetizing-intellectual-property-turning-xvw1f?trackingId=glMUd2h7hwLXjsOhaF9E4g%3D%3D","Monetizing Intellectual Property: Turning Your Creations into Profit","March 22, 2025","💡 The Story of Jane the Innovator
    

  






            
        
    
      A few years ago, Jane, a brilliant software developer in Nairobi, created a groundbreaking mobile application that streamlined financial transactions for small businesses. Excited about her invention, she shared it with friends, attracted thousands of users, and even gained media attention. But there was one problem—Jane had not protected or monetized her intellectual property (IP). Soon, a competitor replicated her idea, secured a patent, and left Jane struggling to claim what was rightfully hers.
    

  






            
        
    
      Jane’s story is not unique. Many creatives, innovators, and business owners fail to harness the full power of their intellectual property. The good news? With the right legal strategy, your ideas can be your greatest financial asset.
    

  






            
        
    
      🎯 Understanding Intellectual Property (IP)
    

  






            
        
    
      IP refers to creations of the mind—innovations, artistic works, brands, and trade secrets. It is categorized into four main types:
    

  






            
        
    
      ✔️ Patents – Protect inventions and grant exclusive rights to produce or sell them.
    

  






            
        
    
      ✔️ Trademarks – Safeguard brand names, logos, and slogans that distinguish a business. ✔️ Copyrights – Cover literary, artistic, and musical works, ensuring creators control reproduction and distribution.
    

  






            
        
    
      ✔️ Trade Secrets – Include confidential business strategies, formulas, and proprietary information that provide a competitive edge.
    

  






            
        
    
      By securing legal protection, you prevent unauthorized use and position your IP as a revenue-generating asset.
    

  






            
        
    
      💰 How to Monetize Your Intellectual Property
    

  






            
        
    
      A well-structured IP strategy can create multiple income streams. Here’s how:
    

  






            
        
    
      1️. Licensing & Royalties
    

  






            
        
    
      ✅ License your patents, copyrights, or trademarks to other businesses for a fee or royalty payments.
    

  






            
        
    
      ✅Example: Musicians receive royalties when their songs are played or streamed.
    

  






            
        
    
      2️. Franchising Your Brand
    

  






            
        
    
      ✅If you have a successful business model, franchising allows others to use your brand while you earn from their success.
    

  






            
        
    
      3️. Selling IP Rights
    

  






            
        
    
      ✅If managing IP assets is not your core business, selling them outright can generate significant revenue.
    

  






            
        
    
      4️. Creating IP-Backed Business Ventures
    

  






            
        
    
      ✅Convert your IP into a profitable business by commercializing your innovation.
    

  






            
        
    
      ✅Example: A software developer launching a SaaS product.
    

  






            
        
    
      5️. Litigation & Enforcement
    

  






            
        
    
      ✅Protecting IP through legal action ensures you benefit financially while deterring infringers.
    

  






            
        
    
      ⚖️ How We Can Help.
    

  






            
        
    
      Navigating the legal landscape of IP monetization requires expertise. As legal experts, we shall ensure:
    

  






            
        
    
      ✅ Proper registration and protection of your IP.
    

  






            
        
    
      ✅ Negotiation of lucrative licensing and franchising deals.
    

  






            
        
    
      ✅ Enforcement of your rights through litigation when necessary.
    

  






            
        
    
      At Masinde Wanyonyi & Company Advocates, we specialize in helping businesses and creatives maximize the value of their intellectual property. Whether you’re an innovator, artist, or entrepreneur, we can guide you through the process of securing and monetizing your ideas.
    

  






            
        
    
      📩 Let’s Talk! Don’t let your brilliance go to waste. Reach out to us today to protect and profit from your intellectual property.
    

  






            
        
    
      #IntellectualProperty #IPMonetization #LegalExpert #BusinessGrowth #Innovation","https://media.licdn.com/dms/image/v2/D4D12AQFt0rNtrUL7vw/article-cover_image-shrink_720_1280/B4DZW9Q4k_G8AI-/0/1742637076909?e=1762387200&v=beta&t=Xh4nikCldKToPEB8wyrmQCpzvcDNlZ-XcmdzH0S-0Q0"
"1759750473-20","https://www.linkedin.com/company/masinde-wanyonyi-company-advocates/posts/?feedView=all&viewAsMember=true","The Gig Economy & Freelancing: Legal Rights & Contracts Every Worker Needs ✍️💼
                
  


                
  
      
                  MASINDE WANYONYI & COMPANY ADVOCATES","https://www.linkedin.com/pulse/gig-economy-freelancing-legal-rights-fzrjf?trackingId=9L5abV3xzrSHSwjTN5UvMQ%3D%3D","The Gig Economy & Freelancing: Legal Rights & Contracts Every Worker Needs ✍️💼","April 1, 2025","The gig economy is booming, and freelancing is no longer just a side hustle—it’s a full-fledged career choice for millions worldwide. Whether you’re a writer, designer, consultant, or ride-hailing driver, working independently offers unmatched flexibility and autonomy. However, many gig workers and freelancers often overlook their legal rights, leaving them vulnerable to exploitation, late payments, and unfair contract terms. This article unpacks the key legal rights and contract essentials that every freelancer and gig worker must understand to safeguard their careers. 🔏
    

  






            
        
    
      1. Understanding Your Legal Status: Independent Contractor vs. Employee ⚖️
    

  






            
        
    
      One of the most critical distinctions in the gig economy is whether you are an independent contractor or an employee. This classification affects your legal rights, tax obligations, and benefits. Generally:
    

  






            
        
    
            Employees 🏢 are entitled to benefits such as health insurance, paid leave, and severance pay. They also receive labor protections such as minimum wage and protection against unfair dismissal.Independent contractors 🏠, on the other hand, are considered self-employed. They are responsible for their own taxes, health insurance, and retirement savings, and they lack employment protections.

    

  






            
        
    
      Many companies misclassify workers as independent contractors to avoid providing benefits. It’s crucial to understand your status and challenge misclassification if necessary. ❗
    

  






            
        
    
      2. The Must-Have Contract Clauses 📜✒️
    

  






            
        
    
      A well-drafted contract is your strongest defense against disputes, late payments, and exploitation. Here are the essential clauses every freelancer should ensure are included in their agreements:
    

  






            
        
    
      a) Scope of Work 📌
    

  






            
        
    
      Define the exact tasks, deliverables, and expectations to avoid scope creep—when a client continuously adds more work without extra pay.
    

  






            
        
    
      b) Payment Terms 💰
    

  






            
        
    
      Specify your fees, payment schedule, late payment penalties, and acceptable payment methods. Always negotiate an upfront deposit where possible.
    

  






            
        
    
      c) Termination Clause ❌
    

  






            
        
    
      Establish conditions under which the contract can be terminated and whether compensation is due for early termination.
    

  






            
        
    
      d) Intellectual Property Rights 🏆
    

  






            
        
    
      Determine who owns the work product—does the client receive full ownership, or do you retain some rights? If your work involves creative or technical outputs, this is crucial.
    

  






            
        
    
      e) Confidentiality & Non-Disclosure Agreements (NDAs) 🤐
    

  






            
        
    
      If your work involves sensitive information, ensure confidentiality clauses are in place to protect you and your client.
    

  






            
        
    
      f) Dispute Resolution ⚖️
    

  






            
        
    
      Include a clause detailing how disputes will be resolved—through mediation, arbitration, or legal action.
    

  






            
        
    
      3. Protecting Yourself Legally 🛡️
    

  






            
        
    
      a) Always Have a Written Contract 📝
    

  






            
        
    
      Even for short-term gigs, a written agreement prevents misunderstandings. If a client refuses to sign one, that’s a red flag.
    

  






            
        
    
      b) Register Your Business 🏛️
    

  






            
        
    
      Consider registering as a sole proprietor, LLC, or equivalent entity to protect your personal assets from business liabilities.
    

  






            
        
    
      c) Understand Your Tax Obligations 🏦
    

  






            
        
    
      Freelancers are responsible for paying self-employment taxes. Keep detailed financial records and consider consulting a tax professional.
    

  






            
        
    
      d) Insure Yourself 🔐
    

  






            
        
    
      Depending on your industry, professional liability insurance may protect you from legal claims.
    

  






            
        
    
      4. What to Do When Clients Don’t Pay 🚨
    

  






            
        
    
      Late or non-payment is one of the biggest risks in freelancing. If a client doesn’t pay:
    

  






            
        
    
            Send polite but firm reminders 📩 with deadlines.Charge late fees 💵 if stipulated in your contract.Withhold work ⛔ until payment is received.Take legal action ⚖️ if necessary—small claims court or a lawyer’s letter can be effective.

    

  






            
        
    
      5. The Future of Gig Work: Advocating for Legal Protections 🚀
    

  






            
        
    
      Governments worldwide are reassessing labor laws to address gig workers' rights. Some jurisdictions have implemented minimum wage protections, collective bargaining rights, and benefits for freelancers. As a freelancer, staying informed about legal developments can help you advocate for better protections. 📢
    

  






            
        
    
      Conclusion: Know Your Rights, Secure Your Future 🔥
    

  






            
        
    
      The gig economy offers freedom and flexibility, but it also comes with risks. Understanding your legal rights and ensuring strong contractual protections will help you build a sustainable and secure freelance career. Whether you’re just starting out or a seasoned gig worker, empower yourself with knowledge—because in the gig economy, the best defense is a well-informed freelancer. ⚡","https://media.licdn.com/dms/image/v2/D4D12AQE5POjHOCCaiQ/article-cover_image-shrink_720_1280/B4DZXucW6BHAAI-/0/1743462168527?e=1762387200&v=beta&t=aY5SbMmT1k63i6Z1LYfD5h_fovF19vlxRNa4cOjAf_4"
"1759750488-21","https://www.linkedin.com/company/masinde-wanyonyi-company-advocates/posts/?feedView=all&viewAsMember=true","Tenant-Landlord Laws in Kenya: Rights, Obligations & Dispute Resolution 🏠⚖️
                
  


                
  
      
                  MASINDE WANYONYI & COMPANY ADVOCATES","https://www.linkedin.com/pulse/tenant-landlord-laws-kenya-rights-obligations-5f4mf?trackingId=2EqhjfJtUPqD2sDroqEU0w%3D%3D","Tenant-Landlord Laws in Kenya: Rights, Obligations & Dispute Resolution 🏠⚖️","April 1, 2025","Introduction 🌍
    

  






            
        
    
      The relationship between landlords and tenants in Kenya is one of the most fundamental yet complex legal engagements. Whether one is a property owner seeking to safeguard their investment or a tenant seeking security of tenure, understanding the legal framework governing this relationship is crucial. In this article, we explore the rights and obligations of landlords and tenants, as well as the legal avenues for resolving disputes.
    

  






            
        
    
      The Legal Framework Governing Landlord-Tenant Relationships in Kenya 📜
    

  






            
        
    
      Tenant-landlord laws in Kenya are primarily governed by the following statutes:
    

  






            
        
    
            The Landlord and Tenant (Shops, Hotels and Catering Establishments) Act, Cap 301 – Governs controlled tenancies for commercial premises.The Rent Restriction Act, Cap 296 – Applies to residential premises where rent does not exceed KES 2,500 per month.The Land Act, 2012 & The Landlord and Tenant Bill, 2021 – Provides guidance on lease agreements and tenancy relationships.The Civil Procedure Act, Cap 21 – Governs dispute resolution mechanisms.

    

  






            
        
    
      These laws set the foundation for the rights and responsibilities of both parties, ensuring a fair and balanced relationship. ⚖️
    

  






            
        
    
      Rights and Obligations of Landlords 🏢
    

  






            
        
    
      Rights of a Landlord ✨
    

  






            
        
    
      A landlord in Kenya has the following rights:
    

  






            
        
    
            Right to Receive Rent 💵 – A landlord is entitled to timely rent payments as stipulated in the lease agreement.Right to Repossess the Premises 🔑 – Upon the expiry or termination of a lease, the landlord can reclaim possession.Right to Terminate the Lease 🚪 – If a tenant breaches the agreement (e.g., non-payment of rent), the landlord may lawfully terminate the lease.Right to Increase Rent 📈 – Subject to legal restrictions, a landlord may revise rent upwards with proper notice.Right to Sue for Breach ⚔️ – If a tenant fails to adhere to the lease agreement, the landlord can seek legal redress.

    

  






            
        
    
      Obligations of a Landlord 🛠️
    

  






            
        
    
            Provision of a Habitable Space 🏡 – The landlord must ensure the premises are safe and fit for occupation.Respect for Tenant’s Quiet Enjoyment 🕊️ – A landlord cannot unlawfully evict or harass a tenant.Repair and Maintenance 🔧 – Landlords are obligated to conduct necessary repairs unless otherwise agreed.Compliance with Lease Terms 📑 – The landlord must adhere to all provisions set out in the lease agreement.

    

  






            
        
    
      Rights and Obligations of Tenants 🏠
    

  






            
        
    
      Rights of a Tenant ✨
    

  






            
        
    
            Right to Quiet Enjoyment 🕊️ – A tenant is entitled to peacefully occupy the premises without interference.Right to Security of Tenure 🔒 – Tenants cannot be unlawfully evicted.Right to Reasonable Notice on Rent Increases 📅 – Rent increments must be lawful and accompanied by notice.Right to a Refund of the Deposit 💰 – Upon vacating, the tenant is entitled to a refund of their deposit, less any deductions for damages or unpaid rent.

    

  






            
        
    
      Obligations of a Tenant 📝
    

  






            
        
    
            Timely Payment of Rent 💵 – Rent should be paid as agreed in the lease.Proper Use of the Property 🔑 – The premises should only be used for the agreed purpose.Maintenance of the Premises 🛠️ – Tenants should not cause damage beyond reasonable wear and tear.Adherence to Lease Terms 📜 – All contractual obligations must be honored.

    

  






            
        
    
      Dispute Resolution Mechanisms ⚖️
    

  






            
        
    
      1. Negotiation & Mediation 🗣️
    

  






            
        
    
      Before escalating a dispute, parties are encouraged to resolve issues amicably. Mediation, which involves a neutral third party, can often lead to a mutually beneficial settlement.
    

  






            
        
    
      2. The Business Premises Rent Tribunal (BPRT) 🏛️
    

  






            
        
    
      For controlled tenancies, disputes are handled by the Business Premises Rent Tribunal under Cap 301. The tribunal has the power to determine rent disputes, tenancy terminations, and other issues affecting commercial tenancies.
    

  






            
        
    
      3. Court Litigation ⚖️
    

  






            
        
    
      If mediation fails, parties may seek recourse in the courts. Landlords and tenants can file suits in the Magistrates' Courts, Environment and Land Court, or the High Court, depending on the nature of the dispute.
    

  






            
        
    
      4. Alternative Dispute Resolution (ADR) ⚖️
    

  






            
        
    
      Arbitration and conciliation are recognized under the law and can be efficient ways to resolve disputes outside of court.
    

  






            
        
    
      Common Issues and Legal Solutions ⚠️
    

  






            
        
    
            Non-Payment of Rent – A landlord may issue a demand notice and file for eviction proceedings if rent remains unpaid.Illegal Evictions – A tenant can seek an injunction or damages if unlawfully evicted.Rent Hikes – If a landlord increases rent unfairly, tenants can challenge it before the relevant tribunal.Security Deposit Disputes – If a landlord unlawfully withholds a security deposit, a tenant can take legal action.

    

  






            
        
    
      Conclusion: Why You Need Expert Legal Representation 🏛️
    

  






            
        
    
      Tenant-landlord disputes can be highly contentious and legally intricate. Whether you are a landlord seeking to protect your property rights or a tenant safeguarding your interests, legal guidance is paramount. At MWC Advocates, we specialize in navigating complex real estate and tenancy matters, ensuring that your rights are upheld and your interests protected. ✨
    

  






            
        
    
      Let us be your trusted legal partner. Whether you need lease drafting, dispute resolution, or legal representation, we are here to provide expert legal solutions tailored to your needs. Contact us today for a consultation.
    

  






            
        
    
      📞 Contact Us Today!📞Call/WhatsApp: +254 702073800/+254708792078 📧Email: masindewanyonyiadvocates.co@gmail.com👥Follow us on LinkedIn for legal insights!","https://media.licdn.com/dms/image/v2/D4D12AQEPdM-xBEUr0g/article-cover_image-shrink_720_1280/B4DZXugTGXHkAI-/0/1743463200172?e=1762387200&v=beta&t=l6VA1jckkdVGdfA9-1dCBiVavC-2uoSV40BAJuy8svs"
"1759750503-22","https://www.linkedin.com/company/masinde-wanyonyi-company-advocates/posts/?feedView=all&viewAsMember=true","💼 Corporate Governance Best Practices: Avoiding Legal Pitfalls in Business Management
                
  


                
  
      
                  MASINDE WANYONYI & COMPANY ADVOCATES","https://www.linkedin.com/pulse/corporate-governance-best-practices-oht8f?trackingId=Vh9V%2B2abMMcET9UDhY4yhg%3D%3D","💼 Corporate Governance Best Practices: Avoiding Legal Pitfalls in Business Management","April 6, 2025","In the bustling corridors of commerce 🏢, where deals are inked and partnerships forged, the silent hand that sustains a company’s longevity is governance.
    

  






            
        
    
      While many business leaders obsess over strategy and profit margins 📊, ignoring corporate governance is the misstep that can send a promising enterprise into a tailspin — exposing it to lawsuits, regulatory fines, or even collapse.
    

  






            
        
    
      As a corporate lawyer ⚖️, I’ve seen brilliant businesses undone not by bad products, but by bad boardroom habits. This article is a clarion call to business owners, directors, investors, and compliance officers:
    

  






            
        
    
      👉 Corporate governance is not a luxury. It is your legal seatbelt.
    

  






            
        
    
      Here are 7 practical and proven best practices that will keep your business on the right side of the law — and of history. ⬇️
    

  






            
        
    
      1️. Board Composition: Not Just a Formality
    

  






            
        
    
      A few years ago, I advised a promising fintech startup 🚀 with a board made up solely of its three co-founders. None had governance experience. When internal conflicts arose, there was no independent director, no conflict resolution structure, and no objective oversight.
    

  






            
        
    
      🎯 Best Practice: 
    

  






            
        
    
      ✅ Ensure a balanced board — include executive, non-executive, and at least one independent director. 
    

  






            
        
    
      ✅ Diversity of skills, gender, and background strengthens oversight and decision-making.
    

  






            
        
    
      This mirrors international best practices under the OECD Principles of Corporate Governance and Kenya's CMA Code of Governance (2015).
    

  






            
        
    
      2️. Separate Ownership from Management
    

  






            
        
    
      It’s a common tale: a thriving family business stumbles when informal leadership is mistaken for structured management.
    

  






            
        
    
      I once advised a company where the founder’s son—also the MD—made major financial decisions without board approval, saying “It’s our company.” That misstep almost landed him in court.
    

  






            
        
    
      ⚠️ Legal Risk: Directors owe fiduciary duties under the Companies Act, 2015 — failure to act prudently or in the company’s best interest can trigger personal liability.
    

  






            
        
    
      🎯 Best Practice: 
    

  






            
        
    
      ✅ Clearly define roles. 
    

  






            
        
    
      ✅ Establish a delegation of authority matrix. 
    

  






            
        
    
      ✅ Adopt formal board charters.
    

  






            
        
    
      3️. Keep Statutory & Financial Records Spotless
    

  






            
        
    
      A client lost a government tender worth millions simply because their CR12 was outdated. Another risked deregistration after failing to file annual returns for 3 consecutive years. These are avoidable errors — but they happen often.
    

  






            
        
    
      📌 Best Practice: 
    

  






            
        
    
      ✅ Appoint a qualified Company Secretary. 
    

  






            
        
    
      ✅ Keep your registers, board minutes, and returns up to date. 
    

  






            
        
    
      ✅ Comply with the Companies Act, Income Tax Act, and other applicable laws.
    

  






            
        
    
      Your paper trail is your legal shield. 🛡️
    

  






            
        
    
      4️. Risk Management & Internal Controls: Don't Fly Blind
    

  






            
        
    
      One of Kenya’s top supermarket chains 🛒 collapsed not because of a market shift, but due to poor internal controls and reckless credit policies.
    

  






            
        
    
      📉 Directors were later accused of reckless trading under Section 495 of the Companies Act.
    

  






            
        
    
      🎯 Best Practice: 
    

  






            
        
    
      ✅ Create internal audit and risk registers. 
    

  






            
        
    
      ✅ Set up active Audit & Risk Committees. 
    

  






            
        
    
      ✅ Establish whistleblower protection mechanisms.
    

  






            
        
    
      Risk is inevitable. Chaos is not.
    

  






            
        
    
      5️. Transparency in Related Party Transactions
    

  






            
        
    
      In a matter I handled, a majority shareholder was secretly awarding contracts to their own company. The result? Massive financial loss, minority shareholder lawsuits, and reputational damage.
    

  






            
        
    
      ⚠️ This is called self-dealing — and it’s illegal.
    

  






            
        
    
      🎯 Best Practice: 
    

  






            
        
    
      ✅ Disclose all related party transactions. 
    

  






            
        
    
      ✅ Get independent board or shareholder approval. 
    

  






            
        
    
      ✅ Keep a paper trail of approvals and disclosures.
    

  






            
        
    
      Transparency builds trust — and protects everyone involved. 🧾
    

  






            
        
    
      6️. Ethics & ESG Matter More Than Ever 🌍
    

  






            
        
    
      Today’s investors, employees, and regulators want more than profits. They want purpose.
    

  






            
        
    
      Businesses that ignore Environmental, Social, and Governance (ESG) principles risk falling behind — or worse, being held accountable.
    

  






            
        
    
      🎯 Best Practice: 
    

  






            
        
    
      ✅ Create a clear code of ethics. 
    

  






            
        
    
      ✅ Train directors and staff on compliance. 
    

  






            
        
    
      ✅ Integrate ESG into your governance framework.
    

  






            
        
    
      🌱 Integrity is not just a value — it's a strategy.
    

  






            
        
    
      7️. Continuous Training & Board Evaluations
    

  






            
        
    
      I once advised an international NGO that hadn’t evaluated its board in five years. When scandal struck, it emerged the board had ignored multiple red flags due to inexperience and complacency.
    

  






            
        
    
      🎯 Best Practice: 
    

  






            
        
    
      ✅ Conduct annual board evaluations. 
    

  






            
        
    
      ✅ Provide regular training and upskilling for directors.
    

  






            
        
    
      Stagnant boards are dangerous. Keep learning. Keep evolving. 🔁
    

  






            
        
    
      💡 Final Thoughts: Governance Is the Soul of Business
    

  






            
        
    
      Good governance is like oxygen. You don’t notice it when it’s there — but everything collapses when it’s not.
    

  






            
        
    
      📌 The legal risks of poor governance — director liability, lawsuits, regulatory sanctions, reputational collapse — are real. But with foresight, structure, and accountability, these risks are entirely completely avoidable.
    

  






            
        
    
      As a legal advisor, my mission is not just to put out legal fires, but to help build fireproof corporate structures.
    

  






            
        
    
      Whether you're a founder, CEO, director, or investor: 
    

  






            
        
    
      ✅ Make governance a priority, not an afterthought. 
    

  






            
        
    
      ✅ Build businesses that don’t just make money — but make a difference.
    

  






            
        
    
      🙋♂️ Need help strengthening your governance framework? 
    

  






            
        
    
      If you’re a business owner, director, or investor looking to strengthen your governance frameworks, feel free to reach out. At MWC Advocates we are always happy to advise, provide compliance audits, governance policy drafting, and risk management tailored to your specific needs.
    

  






            
        
    
      #CorporateGovernance #LegalCompliance #RiskManagement #BusinessStrategy #BoardLeadership #KenyaLaw #ESG #CorporateLaw #GovernanceMatters","https://media.licdn.com/dms/image/v2/D4D12AQF-aoSHWh4vpA/article-cover_image-shrink_600_2000/B4DZYKiFWcHIAQ-/0/1743933429761?e=1762387200&v=beta&t=hX1E745BNavhGu3M9GKT2iA8sNOOxpYzusLZ3mRMhEk"
"1759750518-23","https://www.linkedin.com/company/masinde-wanyonyi-company-advocates/posts/?feedView=all&viewAsMember=true","🚀 Tech Startups & VC Funding: Legal Considerations Before Raising Capital 💰📜
                
  


                
  
      
                  MASINDE WANYONYI & COMPANY ADVOCATES","https://www.linkedin.com/pulse/tech-startups-vc-funding-legal-considerations-kugcf?trackingId=TJ%2B3Al5qKdFizFOMWYCyvw%3D%3D","🚀 Tech Startups & VC Funding: Legal Considerations Before Raising Capital 💰📜","April 17, 2025","Raising venture capital (VC) funding is a major milestone for any startup. It’s the moment dreams begin to scale. But before the press releases and LinkedIn celebrations, there’s a silent battle in the background: the legal readiness of your startup.
    

  






            
        
    
      As legal advisor to several African and international tech startups, we’ve seen founders get so caught up in pitching that they forget one crucial fact:
    

  






            
        
    
      👉 Investors don’t just invest in ideas—they invest in legally sound companies.
    

  






            
        
    
      Here are the key legal considerations every startup must address before raising capital—drawn from real stories and years of experience in the trenches of startup law:
    

  






            
        
    
      📂 1. Clean Up Your Cap Table 🧹
    

  






            
        
    
      Case study: A promising Kenyan SaaS startup got a term sheet from a South African VC. Due diligence revealed the co-founder had issued 10% equity to a mentor—without documentation. The deal stalled for 3 months, and the VC eventually walked away. 😞
    

  






            
        
    
      Lesson: Your capitalization (cap) table must be:
    

  






            
        
    
            AccurateProperly documented (signed shareholder agreements)Free of informal or undocumented equity promises

    

  






            
        
    
      Ensure founder equity, early contributions, sweat equity, and stock options are clearly structured and legally recorded.
    

  






            
        
    
      🛡️ 2. Incorporate the Right Way—Early
    

  






            
        
    
      Many startups start as informal partnerships or sole proprietorships, only to scramble to incorporate when investors come knocking.
    

  






            
        
    
      Incorporating:
    

  






            
        
    
            Establishes your startup as a legal entityLimits personal liabilityEnables equity issuanceMakes due diligence smoother

    

  






            
        
    
      Pro Tip: Investors often prefer startups registered in investor-friendly jurisdictions (e.g., Delaware for US VCs, or Mauritius/Singapore for African startups expanding globally). Local incorporation (e.g., in Kenya) is a start, but think ahead.
    

  






            
        
    
      📑 3. Get Your Legal Documents in Order
    

  






            
        
    
      Before you even say “we’re raising”, have these documents in place:
    

  






            
        
    
            🧾 Shareholders’ Agreement (or Founders' Agreement)🛠️ Intellectual Property Assignment agreements (especially if founders developed tech pre-incorporation)🔐 Non-Disclosure Agreements (for external collaborators)📜 Employment & Contractor Agreements (clearly stating IP ownership)🧰 Terms of Service & Privacy Policy (if you're collecting user data)

    

  






            
        
    
      Case study: A fintech founder had outsourced app development to a freelancer. No IP assignment was signed. When VC due diligence kicked off, the developer claimed joint ownership of the code. Deal? Dead on arrival. 💣
    

  






            
        
    
      💸 4. Understand Term Sheets—Don’t Just Sign!
    

  






            
        
    
      VCs will often present a term sheet—a non-binding outline of investment terms. While it’s exciting, beware of:
    

  






            
        
    
            Liquidation preferencesAnti-dilution rightsDrag-along / Tag-along clausesVesting schedulesBoard control dynamics

    

  






            
        
    
      A poorly negotiated term sheet can leave founders:
    

  






            
        
    
            With minimal equityWithout control over company decisionsExposed to harsh investor exit rights

    

  






            
        
    
      🧠 Get legal counsel before signing anything. The earlier, the better.
    

  






            
        
    
      🧾 5. Comply with Regulatory Requirements
    

  






            
        
    
      Depending on your country and sector, raising capital may require:
    

  






            
        
    
            Disclosures to Capital Markets Authorities (if offering to the public)Compliance with data protection laws (if sharing user data during due diligence)Foreign investment approvals (especially in regulated sectors like fintech, healthtech, or agritech)

    

  






            
        
    
      Don’t assume you're too small to attract regulatory attention. A complaint from a competitor—or an investor report—can trigger audits.
    

  






            
        
    
      🌍 The Bottom Line: Legal Readiness Builds Investor Confidence
    

  






            
        
    
      Fundraising is not just about having a killer pitch deck. It’s about showing you’ve built something real, scalable, and legally sound.
    

  






            
        
    
      ✅ A clean cap table ✅ Proper incorporation ✅ IP protection ✅ Clear contracts ✅ Negotiated term sheets
    

  






            
        
    
      These are the pillars of investor confidence.
    

  






            
        
    
      💬 Let’s Talk
    

  






            
        
    
      Are you preparing to raise capital? Or unsure whether your startup is legally investment-ready? We help founders structure startups, clean up equity issues, and navigate investor negotiations with confidence.
    

  






            
        
    
      📩 DM us, Call us on +254111793855 or comment below to start a conversation.
    

  






            
        
    
      Let’s get your startup legally VC-ready—before the spotlight hits. 🔍🚀
    

  






            
        
    
      #VentureCapital #StartupLaw #TechStartups #Fundraising #StartupFunding #CapTable #LegalDueDiligence #AfricaStartups #StartupAdvice #InvestorReadiness #TermSheetTips","https://media.licdn.com/dms/image/v2/D4D12AQH-Zgl6218ivA/article-cover_image-shrink_423_752/B4DZY.auSEHAAY-/0/1744803915781?e=1762387200&v=beta&t=S_fIEW_LBnRp6FI2t_zUMMT1vQPwTrZC9IO0VdL4LbY"
